2010/1/4 9:01,3899,3901,3899,3901,0
2010/1/4 9:02,3901,3901,3901,3901,0
2010/1/4 9:03,3901,3901,3901,3901,0
2010/1/4 9:04,3901,3901,3901,3901,0
2010/1/4 9:05,3901,3901,3901,3901,0
2010/1/4 9:06,3901,3901,3901,3901,0
2010/1/4 9:07,3901,3901,3901,3901,0
2010/1/4 9:08,3901,3901,3901,3901,0
2010/1/4 9:09,3901,3901,3901,3901,0
2010/1/4 9:10,3901,3901,3901,3901,0
2010/1/4 9:11,3901,3901,3899,3899,60
2010/1/4 9:12,3945,3945,3945,3945,60
2010/1/4 9:13,3945,3945,3945,3945,0
2010/1/4 9:14,3945,3945,3945,3945,0
2010/1/4 9:15,3945,3945,3945,3945,0
2010/1/4 9:16,3945,3945,3945,3945,0
2010/1/4 9:17,3945,3945,3945,3945,0
2010/1/4 9:18,3945,3945,3945,3945,0
2010/1/4 9:19,3945,3945,3945,3945,0
2010/1/4 9:20,3945,3945,3945,3945,0
2010/1/4 9:21,3945,3945,3945,3945,0
2010/1/4 9:22,3945,3945,3945,3945,0
2010/1/4 9:23,3945,3945,3945,3945,0
2010/1/4 9:24,3945,3945,3945,3945,0
2010/1/4 9:25,3945,3945,3945,3945,0
2010/1/4 9:26,3945,3945,3945,3945,0
2010/1/4 9:27,3945,3945,3945,3945,0
2010/1/4 9:28,3945,3945,3945,3945,0
2010/1/4 9:29,3945,3945,3945,3945,0
2010/1/4 9:30,3945,3945,3939,3939,180
2010/1/4 9:31,3939,3939,3939,3939,0
2010/1/4 9:32,3940,3940,3940,3940,60
2010/1/4 9:33,3940,3940,3940,3940,0
2010/1/4 9:34,3940,3940,3939,3939,120
2010/1/4 9:35,3939,3939,3939,3939,300
2010/1/4 9:36,3939,3939,3939,3939,0
2010/1/4 9:37,3939,3939,3939,3939,0
2010/1/4 9:38,3939,3939,3939,3939,0
2010/1/4 9:39,3939,3939,3939,3939,0
2010/1/4 9:40,3939,3939,3930,3930,60
2010/1/4 9:41,3930,3930,3930,3930,60
2010/1/4 9:42,3930,3930,3930,3930,0
2010/1/4 9:43,3930,3930,3930,3930,0
2010/1/4 9:44,3930,3930,3930,3930,0
2010/1/4 9:45,3930,3930,3930,3930,0
2010/1/4 9:46,3930,3938,3930,3938,60
2010/1/4 9:47,3938,3938,3938,3938,0
2010/1/4 9:48,3940,3940,3940,3940,60
2010/1/4 9:49,3940,3940,3928,3928,60
2010/1/4 9:50,3928,3940,3928,3935,120
2010/1/4 9:51,3935,3935,3935,3935,60
2010/1/4 9:52,3935,3940,3935,3940,60
2010/1/4 9:53,3940,3940,3940,3940,180
2010/1/4 9:54,3940,3940,3940,3940,120
2010/1/4 9:55,3940,3940,3940,3940,0
2010/1/4 9:56,3940,3940,3940,3940,60
2010/1/4 9:57,3940,3940,3940,3940,0
2010/1/4 9:58,3940,3940,3940,3940,0
2010/1/4 9:59,3940,3940,3940,3940,0
2010/1/4 10:00,3940,3940,3940,3940,0
2010/1/4 10:01,3940,3940,3940,3940,0
2010/1/4 10:02,3940,3940,3940,3940,0
2010/1/4 10:03,3940,3940,3940,3940,0
2010/1/4 10:04,3940,3940,3940,3940,0
2010/1/4 10:05,3940,3940,3940,3940,0
2010/1/4 10:06,3940,3940,3940,3940,0
2010/1/4 10:07,3940,3940,3940,3940,0
2010/1/4 10:08,3940,3940,3940,3940,0
2010/1/4 10:09,3940,3940,3940,3940,0
2010/1/4 10:10,3940,3940,3940,3940,0
2010/1/4 10:11,3940,3940,3940,3940,0
2010/1/4 10:12,3940,3940,3940,3940,0
2010/1/4 10:13,3940,3940,3940,3940,0
2010/1/4 10:14,3940,3940,3940,3940,0
2010/1/4 10:15,3940,3942,3940,3942,60
2010/1/4 10:31,3942,3942,3942,3942,0
2010/1/4 10:32,3939,3939,3939,3939,62
2010/1/4 10:33,3944,3944,3944,3944,60
2010/1/4 10:34,3944,3944,3944,3944,0
2010/1/4 10:35,3944,3944,3944,3944,0
2010/1/4 10:36,3944,3944,3944,3944,0
2010/1/4 10:37,3944,3944,3944,3944,120
2010/1/4 10:38,3945,3945,3945,3945,60
2010/1/4 10:39,3945,3945,3945,3945,0
2010/1/4 10:40,3945,3945,3945,3945,0
2010/1/4 10:41,3945,3945,3945,3945,0
2010/1/4 10:42,3945,3945,3945,3945,0
2010/1/4 10:43,3945,3945,3945,3945,0
2010/1/4 10:44,3945,3945,3945,3945,0
2010/1/4 10:45,3945,3945,3945,3945,0
2010/1/4 10:46,3945,3945,3945,3945,0
2010/1/4 10:47,3945,3945,3945,3945,0
2010/1/4 10:48,3945,3945,3945,3945,0
2010/1/4 10:49,3945,3945,3945,3945,0
2010/1/4 10:50,3945,3945,3945,3945,0
2010/1/4 10:51,3945,3945,3945,3945,0
2010/1/4 10:52,3945,3945,3945,3945,0
2010/1/4 10:53,3945,3945,3945,3945,0
2010/1/4 10:54,3945,3945,3945,3945,0
2010/1/4 10:55,3945,3945,3945,3945,0
2010/1/4 10:56,3945,3945,3945,3945,0
2010/1/4 10:57,3945,3945,3945,3945,0
2010/1/4 10:58,3945,3945,3945,3945,0
2010/1/4 10:59,3945,3945,3945,3945,0
2010/1/4 11:00,3945,3945,3945,3945,0
2010/1/4 11:01,3945,3945,3945,3945,0
2010/1/4 11:02,3945,3945,3945,3945,0
2010/1/4 11:03,3945,3945,3945,3945,0
2010/1/4 11:04,3945,3945,3945,3945,0
2010/1/4 11:05,3945,3945,3945,3945,0
2010/1/4 11:06,3945,3945,3945,3945,60
2010/1/4 11:07,3945,3945,3945,3945,0
2010/1/4 11:08,3945,3945,3945,3945,0
2010/1/4 11:09,3945,3945,3945,3945,0
2010/1/4 11:10,3945,3945,3945,3945,0
2010/1/4 11:11,3945,3945,3945,3945,120
2010/1/4 11:12,3945,3945,3945,3945,0
2010/1/4 11:13,3945,3945,3945,3945,60
2010/1/4 11:14,3945,3945,3945,3945,60
2010/1/4 11:15,3945,3945,3945,3945,0
2010/1/4 11:16,3945,3945,3945,3945,0
2010/1/4 11:17,3945,3945,3945,3945,0
2010/1/4 11:18,3945,3945,3945,3945,0
2010/1/4 11:19,3945,3945,3945,3945,0
2010/1/4 11:20,3945,3945,3945,3945,0
2010/1/4 11:21,3945,3945,3945,3945,0
2010/1/4 11:22,3945,3945,3945,3945,0
2010/1/4 11:23,3945,3945,3945,3945,0
2010/1/4 11:24,3945,3945,3945,3945,0
2010/1/4 11:25,3945,3945,3945,3945,0
2010/1/4 11:26,3945,3945,3945,3945,0
2010/1/4 11:27,3945,3945,3945,3945,0
2010/1/4 11:28,3945,3945,3945,3945,0
2010/1/4 11:29,3945,3945,3945,3945,0
2010/1/4 11:30,3945,3945,3945,3945,0
2010/1/4 13:31,3945,3945,3945,3945,0
2010/1/4 13:32,3945,3945,3945,3945,0
2010/1/4 13:33,3945,3945,3945,3945,0
2010/1/4 13:34,3945,3945,3945,3945,0
2010/1/4 13:35,3945,3945,3945,3945,0
2010/1/4 13:36,3945,3945,3945,3945,0
2010/1/4 13:37,3945,3945,3945,3945,0
2010/1/4 13:38,3949,3950,3949,3950,240
2010/1/4 13:39,3950,3950,3950,3950,0
2010/1/4 13:40,3950,3950,3950,3950,0
2010/1/4 13:41,3950,3950,3950,3950,0
2010/1/4 13:42,3950,3950,3950,3950,0
2010/1/4 13:43,3950,3953,3950,3953,120
2010/1/4 13:44,3953,3953,3953,3953,0
2010/1/4 13:45,3953,3953,3953,3953,0
2010/1/4 13:46,3953,3953,3953,3953,0
2010/1/4 13:47,3953,3953,3953,3953,0
2010/1/4 13:48,3953,3953,3953,3953,0
2010/1/4 13:49,3953,3953,3953,3953,0
2010/1/4 13:50,3953,3953,3953,3953,0
2010/1/4 13:51,3953,3953,3953,3953,0
2010/1/4 13:52,3953,3953,3953,3953,0
2010/1/4 13:53,3953,3953,3953,3953,0
2010/1/4 13:54,3953,3953,3953,3953,0
2010/1/4 13:55,3953,3953,3953,3953,0
2010/1/4 13:56,3953,3953,3953,3953,0
2010/1/4 13:57,3953,3953,3953,3953,0
2010/1/4 13:58,3953,3953,3953,3953,0
2010/1/4 13:59,3953,3953,3953,3953,0
2010/1/4 14:00,3953,3953,3953,3953,0
2010/1/4 14:01,3953,3953,3953,3953,0
2010/1/4 14:02,3953,3953,3953,3953,0
2010/1/4 14:03,3960,3962,3960,3962,300
2010/1/4 14:04,3962,3962,3962,3962,0
2010/1/4 14:05,3962,3962,3962,3962,0
2010/1/4 14:06,3965,3965,3965,3965,60
2010/1/4 14:07,3965,3965,3965,3965,0
2010/1/4 14:08,3965,3965,3965,3965,0
2010/1/4 14:09,3965,3965,3965,3965,0
2010/1/4 14:10,3965,3965,3965,3965,0
2010/1/4 14:11,3965,3965,3965,3965,0
2010/1/4 14:12,3965,3965,3965,3965,0
2010/1/4 14:13,3965,3965,3965,3965,0
2010/1/4 14:14,3965,3965,3965,3965,0
2010/1/4 14:15,3965,3965,3965,3965,0
2010/1/4 14:16,3965,3965,3965,3965,0
2010/1/4 14:17,3965,3965,3965,3965,0
2010/1/4 14:18,3965,3965,3965,3965,0
2010/1/4 14:19,3965,3965,3965,3965,0
2010/1/4 14:20,3965,3965,3965,3965,0
2010/1/4 14:21,3965,3965,3965,3965,0
2010/1/4 14:22,3965,3965,3965,3965,0
2010/1/4 14:23,3965,3965,3965,3965,0
2010/1/4 14:24,3965,3965,3965,3965,0
2010/1/4 14:25,3965,3965,3965,3965,0
2010/1/4 14:26,3965,3965,3965,3965,0
2010/1/4 14:27,3965,3965,3965,3965,0
2010/1/4 14:28,3965,3965,3965,3965,0
2010/1/4 14:29,3965,3965,3965,3965,0
2010/1/4 14:30,3965,3965,3965,3965,0
2010/1/4 14:31,3965,3965,3965,3965,0
2010/1/4 14:32,3965,3965,3965,3965,0
2010/1/4 14:33,3965,3965,3965,3965,0
2010/1/4 14:34,3965,3965,3965,3965,0
2010/1/4 14:35,3965,3965,3965,3965,0
2010/1/4 14:36,3965,3965,3965,3965,0
2010/1/4 14:37,3965,3965,3965,3965,0
2010/1/4 14:38,3965,3965,3965,3965,0
2010/1/4 14:39,3965,3965,3965,3965,0
2010/1/4 14:40,3965,3965,3965,3965,0
2010/1/4 14:41,3965,3965,3965,3965,0
2010/1/4 14:42,3965,3965,3965,3965,0
2010/1/4 14:43,3965,3965,3965,3965,0
2010/1/4 14:44,3965,3965,3965,3965,0
2010/1/4 14:45,3965,3965,3965,3965,0
2010/1/4 14:46,3965,3965,3965,3965,0
2010/1/4 14:47,3965,3965,3965,3965,0
2010/1/4 14:48,3965,3965,3965,3965,0
2010/1/4 14:49,3965,3965,3965,3965,0
2010/1/4 14:50,3965,3965,3965,3965,0
2010/1/4 14:51,3965,3965,3965,3965,0
2010/1/4 14:52,3965,3965,3965,3965,0
2010/1/4 14:53,3965,3965,3965,3965,0
2010/1/4 14:54,3965,3965,3965,3965,0
2010/1/4 14:55,3965,3965,3965,3965,0
2010/1/4 14:56,3965,3965,3965,3965,0
2010/1/4 14:57,3965,3965,3965,3965,0
2010/1/4 14:58,3965,3965,3965,3965,0
2010/1/4 14:59,3965,3965,3965,3965,0
2010/1/4 15:00,3965,3965,3965,3965,0
2010/1/5 9:01,3775,3965,3775,3965,0
2010/1/5 9:02,3965,3965,3775,3775,60
2010/1/5 9:03,3775,3775,3775,3775,0
2010/1/5 9:04,3775,3775,3775,3775,0
2010/1/5 9:05,3775,3775,3775,3775,0
2010/1/5 9:06,3775,3775,3775,3775,0
2010/1/5 9:07,3775,3775,3775,3775,0
2010/1/5 9:08,3775,3775,3775,3775,0
2010/1/5 9:09,3775,3775,3775,3775,0
2010/1/5 9:10,3775,3775,3775,3775,0
2010/1/5 9:11,3775,3775,3775,3775,0
2010/1/5 9:12,3970,3970,3970,3970,60
2010/1/5 9:13,3970,3970,3970,3970,0
2010/1/5 9:14,3970,3970,3970,3970,0
2010/1/5 9:15,3970,3970,3970,3970,0
2010/1/5 9:16,3970,3970,3970,3970,0
2010/1/5 9:17,3970,3970,3970,3970,0
2010/1/5 9:18,3970,3970,3970,3970,0
2010/1/5 9:19,3970,3970,3970,3970,0
2010/1/5 9:20,3970,3970,3970,3970,0
2010/1/5 9:21,3970,3970,3970,3970,0
2010/1/5 9:22,3970,3970,3970,3970,0
2010/1/5 9:23,3970,3970,3970,3970,0
2010/1/5 9:24,3970,3970,3970,3970,0
2010/1/5 9:25,3955,3955,3955,3955,60
2010/1/5 9:26,3955,3955,3955,3955,60
2010/1/5 9:27,3955,3955,3950,3950,60
2010/1/5 9:28,3950,3950,3941,3941,60
2010/1/5 9:29,3941,3941,3941,3941,0
2010/1/5 9:30,3941,3941,3941,3941,0
2010/1/5 9:31,3941,3941,3941,3941,0
2010/1/5 9:32,3941,3941,3941,3941,0
2010/1/5 9:33,3955,3955,3955,3955,60
2010/1/5 9:34,3955,3955,3955,3955,0
2010/1/5 9:35,3955,3955,3955,3955,0
2010/1/5 9:36,3955,3955,3955,3955,0
2010/1/5 9:37,3955,3955,3955,3955,60
2010/1/5 9:38,3956,3960,3956,3960,240
2010/1/5 9:39,3960,3960,3960,3960,0
2010/1/5 9:40,3960,3960,3960,3960,0
2010/1/5 9:41,3960,3960,3960,3960,0
2010/1/5 9:42,3960,3960,3960,3960,0
2010/1/5 9:43,3960,3960,3960,3960,0
2010/1/5 9:44,3960,3960,3960,3960,0
2010/1/5 9:45,3960,3960,3960,3960,0
2010/1/5 9:46,3960,3960,3960,3960,0
2010/1/5 9:47,3960,3960,3960,3960,0
2010/1/5 9:48,3960,3960,3960,3960,0
2010/1/5 9:49,3960,3960,3960,3960,0
2010/1/5 9:50,3960,3960,3960,3960,0
2010/1/5 9:51,3960,3960,3960,3960,0
2010/1/5 9:52,3960,3960,3960,3960,0
2010/1/5 9:53,3960,3960,3960,3960,0
2010/1/5 9:54,3960,3960,3960,3960,0
2010/1/5 9:55,3960,3960,3960,3960,0
2010/1/5 9:56,3960,3960,3960,3960,60
2010/1/5 9:57,3960,3960,3960,3960,0
2010/1/5 9:58,3960,3960,3960,3960,0
2010/1/5 9:59,3960,3960,3960,3960,0
2010/1/5 10:00,3960,3960,3960,3960,60
2010/1/5 10:01,3960,3960,3960,3960,0
2010/1/5 10:02,3960,3960,3960,3960,0
2010/1/5 10:03,3960,3960,3960,3960,0
2010/1/5 10:04,3960,3960,3960,3960,0
2010/1/5 10:05,3960,3960,3960,3960,0
2010/1/5 10:06,3960,3960,3960,3960,0
2010/1/5 10:07,3966,3966,3966,3966,60
2010/1/5 10:08,3966,3966,3966,3966,0
2010/1/5 10:09,3966,3966,3966,3966,0
2010/1/5 10:10,3966,3966,3966,3966,0
2010/1/5 10:11,3966,3966,3966,3966,0
2010/1/5 10:12,3966,3966,3966,3966,0
2010/1/5 10:13,3966,3966,3966,3966,0
2010/1/5 10:14,3966,3966,3966,3966,0
2010/1/5 10:15,3966,3966,3966,3966,0
2010/1/5 10:31,3966,3966,3966,3966,0
2010/1/5 10:32,3966,3966,3966,3966,0
2010/1/5 10:33,3966,3966,3966,3966,0
2010/1/5 10:34,3966,3966,3966,3966,0
2010/1/5 10:35,3966,3966,3966,3966,0
2010/1/5 10:36,3966,3966,3966,3966,0
2010/1/5 10:37,3966,3966,3966,3966,0
2010/1/5 10:38,3966,3966,3966,3966,0
2010/1/5 10:39,3966,3966,3966,3966,0
2010/1/5 10:40,3966,3966,3966,3966,0
2010/1/5 10:41,3966,3966,3966,3966,0
2010/1/5 10:42,3975,3975,3975,3975,120
2010/1/5 10:43,3975,3975,3975,3975,0
2010/1/5 10:44,3975,3975,3975,3975,0
2010/1/5 10:45,3975,3975,3975,3975,0
2010/1/5 10:46,3975,3975,3975,3975,0
2010/1/5 10:47,3975,3975,3975,3975,0
2010/1/5 10:48,3975,3975,3975,3975,0
2010/1/5 10:49,3975,3975,3975,3975,0
2010/1/5 10:50,3975,3975,3975,3975,0
2010/1/5 10:51,3975,3975,3975,3975,0
2010/1/5 10:52,3975,3975,3975,3975,0
2010/1/5 10:53,3975,3975,3975,3975,0
2010/1/5 10:54,3975,3975,3975,3975,0
2010/1/5 10:55,3975,3975,3975,3975,0
2010/1/5 10:56,3975,3975,3975,3975,0
2010/1/5 10:57,3975,3975,3975,3975,0
2010/1/5 10:58,3975,3975,3975,3975,0
2010/1/5 10:59,3975,3975,3975,3975,0
2010/1/5 11:00,3975,3975,3975,3975,0
2010/1/5 11:01,3975,3975,3975,3975,0
2010/1/5 11:02,3975,3975,3975,3975,0
2010/1/5 11:03,3975,3975,3975,3975,0
2010/1/5 11:04,3975,3975,3975,3975,0
2010/1/5 11:05,3975,3975,3975,3975,0
2010/1/5 11:06,3975,3975,3975,3975,0
2010/1/5 11:07,3975,3975,3975,3975,0
2010/1/5 11:08,3975,3975,3975,3975,0
2010/1/5 11:09,3975,3975,3975,3975,0
2010/1/5 11:10,3975,3975,3975,3975,0
2010/1/5 11:11,3975,3975,3975,3975,0
2010/1/5 11:12,3975,3975,3975,3975,0
2010/1/5 11:13,3975,3975,3975,3975,0
2010/1/5 11:14,3975,3975,3975,3975,0
2010/1/5 11:15,3975,3975,3975,3975,0
2010/1/5 11:16,3975,3975,3975,3975,0
2010/1/5 11:17,3975,3975,3975,3975,0
2010/1/5 11:18,3975,3975,3975,3975,0
2010/1/5 11:19,3975,3975,3975,3975,0
2010/1/5 11:20,3975,3975,3975,3975,0
2010/1/5 11:21,3975,3975,3975,3975,0
2010/1/5 11:22,3975,3975,3975,3975,0
2010/1/5 11:23,3975,3975,3975,3975,0
2010/1/5 11:24,3975,3975,3975,3975,0
2010/1/5 11:25,3975,3975,3975,3975,0
2010/1/5 11:26,3975,3975,3975,3975,0
2010/1/5 11:27,3975,3975,3975,3975,0
2010/1/5 11:28,3975,3975,3975,3975,0
2010/1/5 11:29,3975,3975,3975,3975,0
2010/1/5 11:30,3975,3975,3975,3975,0
2010/1/5 13:31,3975,3975,3975,3975,0
2010/1/5 13:32,3975,3975,3975,3975,0
2010/1/5 13:33,3975,3975,3975,3975,0
2010/1/5 13:34,3975,3975,3975,3975,0
2010/1/5 13:35,3975,3975,3975,3975,0
2010/1/5 13:36,3975,3975,3975,3975,0
2010/1/5 13:37,3975,3975,3975,3975,0
2010/1/5 13:38,3975,3975,3975,3975,0
2010/1/5 13:39,3975,3975,3975,3975,0
2010/1/5 13:40,3975,3975,3975,3975,60
2010/1/5 13:41,3975,3975,3975,3975,0
2010/1/5 13:42,3975,3975,3975,3975,0
2010/1/5 13:43,3975,3975,3975,3975,0
2010/1/5 13:44,3975,3975,3975,3975,0
2010/1/5 13:45,3975,3975,3975,3975,0
2010/1/5 13:46,3975,3975,3975,3975,0
2010/1/5 13:47,3975,3975,3975,3975,0
2010/1/5 13:48,3975,3975,3975,3975,0
2010/1/5 13:49,3975,3975,3975,3975,0
2010/1/5 13:50,3975,3975,3975,3975,0
2010/1/5 13:51,3975,3975,3975,3975,0
2010/1/5 13:52,3975,3975,3975,3975,0
2010/1/5 13:53,3975,3975,3975,3975,0
2010/1/5 13:54,3975,3975,3975,3975,0
2010/1/5 13:55,3975,3975,3975,3975,0
2010/1/5 13:56,3975,3975,3975,3975,0
2010/1/5 13:57,3975,3975,3975,3975,0
2010/1/5 13:58,3975,3975,3975,3975,0
2010/1/5 13:59,3975,3975,3975,3975,0
2010/1/5 14:00,3975,3975,3975,3975,0
2010/1/5 14:01,3975,3975,3975,3975,0
2010/1/5 14:02,3975,3975,3975,3975,0
2010/1/5 14:03,3975,3975,3975,3975,0
2010/1/5 14:04,3975,3975,3975,3975,0
2010/1/5 14:05,3975,3975,3975,3975,60
2010/1/5 14:06,3975,3975,3975,3975,60
2010/1/5 14:07,3975,3975,3975,3975,60
2010/1/5 14:08,3975,3975,3975,3975,0
2010/1/5 14:09,3975,3975,3975,3975,60
2010/1/5 14:10,3975,3975,3975,3975,0
2010/1/5 14:11,3975,3975,3975,3975,0
2010/1/5 14:12,3975,3975,3975,3975,0
2010/1/5 14:13,3975,3975,3975,3975,0
2010/1/5 14:14,3975,3975,3975,3975,0
2010/1/5 14:15,3975,3975,3975,3975,0
2010/1/5 14:16,3975,3975,3975,3975,0
2010/1/5 14:17,3975,3975,3975,3975,0
2010/1/5 14:18,3975,3975,3975,3975,0
2010/1/5 14:19,3975,3975,3975,3975,0
2010/1/5 14:20,3975,3975,3975,3975,0
2010/1/5 14:21,3975,3975,3975,3975,0
2010/1/5 14:22,3975,3975,3975,3975,60
2010/1/5 14:23,3975,3975,3975,3975,0
2010/1/5 14:24,3975,3975,3975,3975,60
2010/1/5 14:25,3975,3975,3975,3975,0
2010/1/5 14:26,3975,3975,3975,3975,0
2010/1/5 14:27,3975,3975,3975,3975,0
2010/1/5 14:28,3975,3975,3975,3975,0
2010/1/5 14:29,3975,3975,3975,3975,0
2010/1/5 14:30,3975,3975,3975,3975,0
2010/1/5 14:31,3975,3975,3975,3975,0
2010/1/5 14:32,3975,3975,3975,3975,0
2010/1/5 14:33,3975,3975,3975,3975,60
2010/1/5 14:34,3975,3975,3975,3975,0
2010/1/5 14:35,3975,3975,3975,3975,0
2010/1/5 14:36,3975,3975,3975,3975,0
2010/1/5 14:37,3975,3975,3975,3975,60
2010/1/5 14:38,3975,3975,3975,3975,0
2010/1/5 14:39,3975,3975,3975,3975,0
2010/1/5 14:40,3975,3975,3975,3975,0
2010/1/5 14:41,3975,3975,3975,3975,60
2010/1/5 14:42,3975,3975,3975,3975,0
2010/1/5 14:43,3975,3975,3975,3975,0
2010/1/5 14:44,3975,3975,3975,3975,0
2010/1/5 14:45,3975,3975,3975,3975,0
2010/1/5 14:46,3975,3975,3975,3975,0
2010/1/5 14:47,3975,3975,3975,3975,0
2010/1/5 14:48,3975,3975,3975,3975,0
2010/1/5 14:49,3975,3975,3975,3975,0
2010/1/5 14:50,3975,3975,3975,3975,0
2010/1/5 14:51,3975,3975,3975,3975,0
2010/1/5 14:52,3975,3975,3975,3975,0
2010/1/5 14:53,3975,3975,3975,3975,0
2010/1/5 14:54,3975,3975,3975,3975,0
2010/1/5 14:55,3975,3975,3975,3975,0
2010/1/5 14:56,3975,3975,3975,3975,0
2010/1/5 14:57,3975,3975,3975,3975,0
2010/1/5 14:58,3975,3975,3975,3975,0
2010/1/5 14:59,3975,3975,3975,3975,0
2010/1/5 15:00,3975,3975,3975,3975,0
2010/1/6 9:01,3990,3990,3975,3975,0
2010/1/6 9:02,3975,3975,3975,3975,0
2010/1/6 9:03,3975,3975,3975,3975,0
2010/1/6 9:04,3975,3975,3975,3975,0
2010/1/6 9:05,3975,3975,3975,3975,0
2010/1/6 9:06,3975,3975,3975,3975,0
2010/1/6 9:07,3975,3975,3975,3975,0
2010/1/6 9:08,3975,3975,3975,3975,0
2010/1/6 9:09,3975,3975,3975,3975,0
2010/1/6 9:10,3975,3975,3975,3975,0
2010/1/6 9:11,3975,3975,3975,3975,0
2010/1/6 9:12,3975,3975,3975,3975,0
2010/1/6 9:13,3975,3975,3975,3975,0
2010/1/6 9:14,3975,3975,3975,3975,0
2010/1/6 9:15,3975,3975,3975,3975,0
2010/1/6 9:16,3975,3975,3975,3975,0
2010/1/6 9:17,3975,3975,3975,3975,0
2010/1/6 9:18,3975,3975,3975,3975,0
2010/1/6 9:19,3975,3975,3975,3975,0
2010/1/6 9:20,3990,3995,3990,3995,120
2010/1/6 9:21,3995,3995,3995,3995,0
2010/1/6 9:22,3995,3995,3995,3995,0
2010/1/6 9:23,3995,3995,3995,3995,0
2010/1/6 9:24,3995,3995,3995,3995,0
2010/1/6 9:25,3995,3995,3995,3995,0
2010/1/6 9:26,3995,3995,3995,3995,0
2010/1/6 9:27,3995,3995,3995,3995,0
2010/1/6 9:28,3995,3995,3995,3995,0
2010/1/6 9:29,3995,3995,3995,3995,0
2010/1/6 9:30,3995,3995,3995,3995,60
2010/1/6 9:31,3995,3995,3995,3995,0
2010/1/6 9:32,3995,3995,3995,3995,60
2010/1/6 9:33,3995,3999,3995,3999,60
2010/1/6 9:34,3999,3999,3999,3999,0
2010/1/6 9:35,3999,3999,3999,3999,0
2010/1/6 9:36,3999,3999,3995,3995,60
2010/1/6 9:37,3995,3995,3995,3995,0
2010/1/6 9:38,3995,3995,3995,3995,60
2010/1/6 9:39,3995,3995,3995,3995,0
2010/1/6 9:40,3995,3995,3995,3995,0
2010/1/6 9:41,3995,3995,3995,3995,0
2010/1/6 9:42,3995,3995,3995,3995,0
2010/1/6 9:43,3995,3995,3990,3990,60
2010/1/6 9:44,3990,4000,3990,4000,120
2010/1/6 9:45,4000,4000,3995,3995,60
2010/1/6 9:46,3995,3995,3995,3995,60
2010/1/6 9:47,3995,3995,3995,3995,0
2010/1/6 9:48,3995,3995,3995,3995,120
2010/1/6 9:49,3995,3995,3995,3995,0
2010/1/6 9:50,3995,3995,3995,3995,0
2010/1/6 9:51,3995,3995,3995,3995,60
2010/1/6 9:52,3995,3995,3995,3995,120
2010/1/6 9:53,3995,3995,3995,3995,0
2010/1/6 9:54,3990,3990,3990,3990,60
2010/1/6 9:55,3990,3990,3990,3990,0
2010/1/6 9:56,3990,3991,3990,3991,60
2010/1/6 9:57,3991,3991,3991,3991,0
2010/1/6 9:58,3991,3991,3991,3991,0
2010/1/6 9:59,3991,3991,3991,3991,0
2010/1/6 10:00,3991,3991,3991,3991,0
2010/1/6 10:01,3991,3991,3991,3991,0
2010/1/6 10:02,3991,3991,3991,3991,0
2010/1/6 10:03,3991,4000,3991,3995,180
2010/1/6 10:04,3995,3995,3995,3995,60
2010/1/6 10:05,3995,3995,3995,3995,0
2010/1/6 10:06,3995,3995,3995,3995,60
2010/1/6 10:07,3995,3995,3995,3995,0
2010/1/6 10:08,3995,3995,3995,3995,0
2010/1/6 10:09,3995,4000,3995,4000,60
2010/1/6 10:10,4000,4000,3996,3996,60
2010/1/6 10:11,3996,3996,3996,3996,0
2010/1/6 10:12,3996,3996,3996,3996,0
2010/1/6 10:13,3997,3997,3997,3997,60
2010/1/6 10:14,3997,3997,3997,3997,0
2010/1/6 10:15,3997,3997,3997,3997,0
2010/1/6 10:31,3997,3997,3997,3997,0
2010/1/6 10:32,3997,3997,3997,3997,0
2010/1/6 10:33,3997,3997,3997,3997,240
2010/1/6 10:34,3997,3997,3997,3997,0
2010/1/6 10:35,3997,3997,3997,3997,0
2010/1/6 10:36,3997,3997,3997,3997,0
2010/1/6 10:37,3997,3997,3997,3997,0
2010/1/6 10:38,3997,3997,3997,3997,0
2010/1/6 10:39,3997,3997,3997,3997,0
2010/1/6 10:40,3997,3997,3997,3997,0
2010/1/6 10:41,3997,3997,3997,3997,0
2010/1/6 10:42,3997,3997,3997,3997,0
2010/1/6 10:43,3997,3997,3997,3997,0
2010/1/6 10:44,3997,3997,3997,3997,0
2010/1/6 10:45,3997,3997,3997,3997,0
2010/1/6 10:46,3997,3997,3997,3997,0
2010/1/6 10:47,3997,3997,3997,3997,0
2010/1/6 10:48,3997,3997,3997,3997,0
2010/1/6 10:49,3997,3997,3997,3997,0
2010/1/6 10:50,3997,3997,3997,3997,0
2010/1/6 10:51,3997,3997,3997,3997,0
2010/1/6 10:52,3997,3997,3997,3997,0
2010/1/6 10:53,3997,3997,3997,3997,0
2010/1/6 10:54,3997,3997,3997,3997,0
2010/1/6 10:55,3997,3997,3997,3997,0
2010/1/6 10:56,3997,3997,3997,3997,0
2010/1/6 10:57,3997,3997,3997,3997,0
2010/1/6 10:58,3997,3997,3997,3997,0
2010/1/6 10:59,3997,3997,3997,3997,0
2010/1/6 11:00,3997,3997,3997,3997,0
2010/1/6 11:01,3997,3997,3997,3997,0
2010/1/6 11:02,3997,3997,3997,3997,0
2010/1/6 11:03,3997,3997,3997,3997,0
2010/1/6 11:04,3997,3997,3997,3997,0
2010/1/6 11:05,3997,3997,3997,3997,0
2010/1/6 11:06,3997,3997,3997,3997,0
2010/1/6 11:07,3997,3997,3997,3997,0
2010/1/6 11:08,3997,3997,3997,3997,0
2010/1/6 11:09,3997,3997,3997,3997,0
2010/1/6 11:10,3997,3997,3997,3997,0
2010/1/6 11:11,3997,3997,3997,3997,0
2010/1/6 11:12,3997,3997,3997,3997,0
2010/1/6 11:13,3997,3997,3997,3997,0
2010/1/6 11:14,3997,3997,3997,3997,0
2010/1/6 11:15,3997,3997,3997,3997,0
2010/1/6 11:16,3997,3997,3997,3997,0
2010/1/6 11:17,3997,3997,3997,3997,0
2010/1/6 11:18,3997,3997,3997,3997,0
2010/1/6 11:19,3997,3997,3997,3997,0
2010/1/6 11:20,3997,3997,3997,3997,0
2010/1/6 11:21,3997,3997,3997,3997,0
2010/1/6 11:22,3997,3997,3997,3997,0
2010/1/6 11:23,3997,3997,3997,3997,0
2010/1/6 11:24,3997,3997,3997,3997,0
2010/1/6 11:25,3997,3997,3997,3997,0
2010/1/6 11:26,3997,3997,3997,3997,0
2010/1/6 11:27,3997,3997,3997,3997,0
2010/1/6 11:28,3997,3997,3997,3997,0
2010/1/6 11:29,3997,3997,3997,3997,0
2010/1/6 11:30,3997,3997,3997,3997,0
2010/1/6 13:31,3997,3997,3997,3997,0
2010/1/6 13:32,3997,3997,3997,3997,0
2010/1/6 13:33,3997,3997,3997,3997,0
2010/1/6 13:34,4018,4018,4018,4018,420
2010/1/6 13:35,4018,4018,4018,4018,0
2010/1/6 13:36,4018,4018,4018,4018,0
2010/1/6 13:37,4018,4018,4018,4018,0
2010/1/6 13:38,4018,4018,4018,4018,0
2010/1/6 13:39,4018,4018,4018,4018,0
2010/1/6 13:40,4018,4018,4018,4018,0
2010/1/6 13:41,4018,4018,4018,4018,0
2010/1/6 13:42,4018,4018,4018,4018,0
2010/1/6 13:43,4018,4018,4018,4018,0
2010/1/6 13:44,4018,4018,4018,4018,0
2010/1/6 13:45,4018,4018,4018,4018,0
2010/1/6 13:46,4018,4018,4018,4018,0
2010/1/6 13:47,4018,4018,4018,4018,0
2010/1/6 13:48,4018,4018,4018,4018,0
2010/1/6 13:49,4018,4018,4018,4018,0
2010/1/6 13:50,4018,4018,4018,4018,0
2010/1/6 13:51,4018,4018,4018,4018,0
2010/1/6 13:52,4018,4018,4018,4018,0
2010/1/6 13:53,4018,4018,4018,4018,0
2010/1/6 13:54,4018,4018,4018,4018,0
2010/1/6 13:55,4018,4018,4018,4018,0
2010/1/6 13:56,4018,4018,4018,4018,0
2010/1/6 13:57,4018,4018,4018,4018,0
2010/1/6 13:58,4018,4018,4007,4010,120
2010/1/6 13:59,4010,4010,4010,4010,0
2010/1/6 14:00,4010,4010,4010,4010,0
2010/1/6 14:01,4010,4010,4010,4010,0
2010/1/6 14:02,4010,4010,4010,4010,0
2010/1/6 14:03,4010,4010,4010,4010,0
2010/1/6 14:04,4010,4010,4010,4010,0
2010/1/6 14:05,4010,4010,4010,4010,0
2010/1/6 14:06,4010,4010,4010,4010,0
2010/1/6 14:07,4010,4010,4010,4010,0
2010/1/6 14:08,4010,4010,4010,4010,0
2010/1/6 14:09,4010,4010,4010,4010,0
2010/1/6 14:10,4010,4010,4010,4010,0
2010/1/6 14:11,4010,4010,4010,4010,0
2010/1/6 14:12,4010,4010,4010,4010,0
2010/1/6 14:13,4010,4010,4010,4010,0
2010/1/6 14:14,4010,4010,4010,4010,0
2010/1/6 14:15,4010,4010,4010,4010,0
2010/1/6 14:16,4010,4010,4010,4010,0
2010/1/6 14:17,4010,4010,4010,4010,0
2010/1/6 14:18,4010,4010,4010,4010,0
2010/1/6 14:19,4010,4010,4010,4010,0
2010/1/6 14:20,4010,4010,4010,4010,0
2010/1/6 14:21,4010,4010,4010,4010,0
2010/1/6 14:22,4010,4010,4010,4010,0
2010/1/6 14:23,4010,4010,4010,4010,0
2010/1/6 14:24,4010,4010,4010,4010,0
2010/1/6 14:25,4010,4010,4010,4010,0
2010/1/6 14:26,4010,4010,4010,4010,0
2010/1/6 14:27,4010,4010,4010,4010,0
2010/1/6 14:28,4010,4010,4010,4010,0
2010/1/6 14:29,4010,4010,4010,4010,60
2010/1/6 14:30,4010,4010,4010,4010,0
2010/1/6 14:31,4010,4010,4010,4010,60
2010/1/6 14:32,4010,4010,4010,4010,180
2010/1/6 14:33,4020,4020,4010,4010,120
2010/1/6 14:34,4010,4010,4010,4010,120
2010/1/6 14:35,4010,4010,4010,4010,0
2010/1/6 14:36,4010,4010,4010,4010,60
2010/1/6 14:37,4010,4010,4010,4010,0
2010/1/6 14:38,4010,4010,4010,4010,180
2010/1/6 14:39,4010,4010,4010,4010,0
2010/1/6 14:40,4010,4010,4010,4010,120
2010/1/6 14:41,4010,4010,4010,4010,120
2010/1/6 14:42,4010,4010,4010,4010,60
2010/1/6 14:43,4010,4010,4010,4010,0
2010/1/6 14:44,4010,4010,4010,4010,0
2010/1/6 14:45,4010,4010,4010,4010,0
2010/1/6 14:46,4010,4010,4008,4008,60
2010/1/6 14:47,4008,4008,4008,4008,60
2010/1/6 14:48,4008,4008,4007,4007,180
2010/1/6 14:49,4007,4007,4007,4007,0
2010/1/6 14:50,4007,4007,4007,4007,0
2010/1/6 14:51,4007,4007,4007,4007,0
2010/1/6 14:52,4007,4007,4007,4007,0
2010/1/6 14:53,4006,4006,4006,4006,60
2010/1/6 14:54,4006,4006,4006,4006,0
2010/1/6 14:55,4006,4006,4006,4006,0
2010/1/6 14:56,4006,4006,4006,4006,0
2010/1/6 14:57,4006,4006,4006,4006,0
2010/1/6 14:58,4006,4006,4006,4006,0
2010/1/6 14:59,4006,4006,4006,4006,0
2010/1/6 15:00,4006,4006,4006,4006,0
2010/1/7 9:01,4040,4040,4006,4006,0
2010/1/7 9:02,4006,4006,4006,4006,0
2010/1/7 9:03,4006,4006,4006,4006,0
2010/1/7 9:04,4006,4006,4006,4006,0
2010/1/7 9:05,4006,4006,4006,4006,0
2010/1/7 9:06,4006,4006,4006,4006,0
2010/1/7 9:07,4006,4006,4006,4006,0
2010/1/7 9:08,4006,4006,4006,4006,0
2010/1/7 9:09,4006,4006,4006,4006,0
2010/1/7 9:10,4006,4006,4006,4006,0
2010/1/7 9:11,4006,4006,4006,4006,0
2010/1/7 9:12,4006,4040,4006,4040,120
2010/1/7 9:13,4040,4045,4040,4045,180
2010/1/7 9:14,4046,4050,4046,4050,240
2010/1/7 9:15,4050,4050,4050,4050,120
2010/1/7 9:16,4050,4050,4050,4050,0
2010/1/7 9:17,4050,4050,4050,4050,120
2010/1/7 9:18,4050,4050,4050,4050,0
2010/1/7 9:19,4050,4050,4050,4050,60
2010/1/7 9:20,4050,4050,4050,4050,60
2010/1/7 9:21,4050,4050,4050,4050,0
2010/1/7 9:22,4050,4050,4050,4050,60
2010/1/7 9:23,4050,4050,4050,4050,60
2010/1/7 9:24,4050,4050,4050,4050,0
2010/1/7 9:25,4050,4050,4050,4050,0
2010/1/7 9:26,4050,4050,4050,4050,0
2010/1/7 9:27,4050,4050,4050,4050,120
2010/1/7 9:28,4050,4050,4050,4050,0
2010/1/7 9:29,4050,4050,4050,4050,0
2010/1/7 9:30,4050,4050,4050,4050,0
2010/1/7 9:31,4050,4050,4050,4050,0
2010/1/7 9:32,4050,4050,4050,4050,0
2010/1/7 9:33,4050,4050,4050,4050,0
2010/1/7 9:34,4050,4050,4050,4050,180
2010/1/7 9:35,4050,4050,4050,4050,0
2010/1/7 9:36,4050,4050,4050,4050,0
2010/1/7 9:37,4050,4050,4050,4050,0
2010/1/7 9:38,4050,4050,4050,4050,60
2010/1/7 9:39,4050,4050,4050,4050,120
2010/1/7 9:40,4050,4050,4050,4050,0
2010/1/7 9:41,4050,4050,4050,4050,0
2010/1/7 9:42,4050,4050,4050,4050,0
2010/1/7 9:43,4050,4050,4050,4050,0
2010/1/7 9:44,4050,4050,4050,4050,0
2010/1/7 9:45,4050,4050,4050,4050,0
2010/1/7 9:46,4050,4050,4050,4050,0
2010/1/7 9:47,4050,4050,4050,4050,0
2010/1/7 9:48,4050,4050,4050,4050,0
2010/1/7 9:49,4050,4050,4050,4050,0
2010/1/7 9:50,4050,4050,4050,4050,0
2010/1/7 9:51,4050,4050,4050,4050,0
2010/1/7 9:52,4050,4050,4050,4050,0
2010/1/7 9:53,4050,4050,4050,4050,0
2010/1/7 9:54,4050,4050,4050,4050,0
2010/1/7 9:55,4050,4050,4050,4050,0
2010/1/7 9:56,4055,4055,4055,4055,60
2010/1/7 9:57,4055,4055,4055,4055,0
2010/1/7 9:58,4055,4055,4055,4055,0
2010/1/7 9:59,4055,4055,4055,4055,0
2010/1/7 10:00,4055,4055,4055,4055,0
2010/1/7 10:01,4055,4055,4055,4055,0
2010/1/7 10:02,4055,4055,4055,4055,0
2010/1/7 10:03,4055,4055,4055,4055,0
2010/1/7 10:04,4055,4055,4055,4055,0
2010/1/7 10:05,4055,4055,4055,4055,0
2010/1/7 10:06,4055,4055,4055,4055,0
2010/1/7 10:07,4055,4055,4055,4055,0
2010/1/7 10:08,4055,4055,4055,4055,0
2010/1/7 10:09,4055,4055,4055,4055,0
2010/1/7 10:10,4055,4055,4055,4055,0
2010/1/7 10:11,4010,4010,4010,4010,60
2010/1/7 10:12,4010,4010,4010,4010,0
2010/1/7 10:13,4010,4010,4010,4010,0
2010/1/7 10:14,4010,4010,4010,4010,60
2010/1/7 10:15,4010,4010,4010,4010,0
2010/1/7 10:31,4010,4010,4010,4010,0
2010/1/7 10:32,4010,4010,4010,4010,0
2010/1/7 10:33,3985,3985,3985,3985,60
2010/1/7 10:34,3981,3981,3901,3901,180
2010/1/7 10:35,3901,3901,3901,3901,0
2010/1/7 10:36,3901,3901,3901,3901,0
2010/1/7 10:37,3901,3901,3901,3901,0
2010/1/7 10:38,3901,3901,3901,3901,0
2010/1/7 10:39,3901,3985,3901,3985,60
2010/1/7 10:40,3985,3985,3985,3985,0
2010/1/7 10:41,3985,3985,3985,3985,0
2010/1/7 10:42,3985,3985,3985,3985,0
2010/1/7 10:43,3985,3985,3985,3985,0
2010/1/7 10:44,3985,3985,3985,3985,0
2010/1/7 10:45,3985,3985,3985,3985,0
2010/1/7 10:46,3985,3985,3985,3985,0
2010/1/7 10:47,3985,3985,3981,3981,60
2010/1/7 10:48,3981,3981,3981,3981,0
2010/1/7 10:49,3981,3981,3981,3981,0
2010/1/7 10:50,3981,3981,3981,3981,0
2010/1/7 10:51,3981,3981,3981,3981,0
2010/1/7 10:52,3971,3971,3971,3971,60
2010/1/7 10:53,3971,3971,3971,3971,0
2010/1/7 10:54,3966,3966,3965,3965,120
2010/1/7 10:55,3965,3966,3961,3961,120
2010/1/7 10:56,3961,3961,3961,3961,0
2010/1/7 10:57,3961,3961,3961,3961,0
2010/1/7 10:58,3961,3961,3961,3961,0
2010/1/7 10:59,3961,3961,3961,3961,0
2010/1/7 11:00,3961,3961,3961,3961,0
2010/1/7 11:01,3961,3961,3961,3961,0
2010/1/7 11:02,3961,3961,3961,3961,0
2010/1/7 11:03,3961,3961,3961,3961,0
2010/1/7 11:04,3961,3961,3961,3961,0
2010/1/7 11:05,3961,3961,3961,3961,0
2010/1/7 11:06,3961,3961,3961,3961,0
2010/1/7 11:07,3961,3961,3961,3961,0
2010/1/7 11:08,3961,3961,3961,3961,0
2010/1/7 11:09,3961,3961,3961,3961,0
2010/1/7 11:10,3961,3961,3961,3961,0
2010/1/7 11:11,3961,3961,3961,3961,0
2010/1/7 11:12,3961,3961,3961,3961,0
2010/1/7 11:13,3961,3961,3961,3961,0
2010/1/7 11:14,3961,3961,3961,3961,0
2010/1/7 11:15,3961,3961,3961,3961,0
2010/1/7 11:16,3971,3971,3971,3971,120
2010/1/7 11:17,3971,3971,3971,3971,0
2010/1/7 11:18,3971,3971,3971,3971,0
2010/1/7 11:19,3971,3971,3971,3971,0
2010/1/7 11:20,3971,3971,3971,3971,0
2010/1/7 11:21,3971,3971,3971,3971,0
2010/1/7 11:22,3971,3971,3971,3971,0
2010/1/7 11:23,3971,3971,3971,3971,0
2010/1/7 11:24,3971,3971,3971,3971,0
2010/1/7 11:25,3971,3971,3971,3971,0
2010/1/7 11:26,3971,3971,3971,3971,0
2010/1/7 11:27,3971,3971,3971,3971,0
2010/1/7 11:28,3971,3971,3971,3971,0
2010/1/7 11:29,3971,3971,3971,3971,0
2010/1/7 11:30,3971,3971,3971,3971,0
2010/1/7 13:31,3971,3971,3971,3971,0
2010/1/7 13:32,3971,3971,3971,3971,0
2010/1/7 13:33,3971,3971,3971,3971,0
2010/1/7 13:34,3971,3971,3971,3971,0
2010/1/7 13:35,3971,3971,3971,3971,0
2010/1/7 13:36,3971,3971,3971,3971,0
2010/1/7 13:37,3971,3971,3971,3971,0
2010/1/7 13:38,3971,3971,3971,3971,0
2010/1/7 13:39,3971,3971,3971,3971,0
2010/1/7 13:40,3971,3971,3971,3971,0
2010/1/7 13:41,3980,3980,3980,3980,60
2010/1/7 13:42,3980,3980,3980,3980,0
2010/1/7 13:43,3980,3990,3980,3980,120
2010/1/7 13:44,3980,3980,3980,3980,0
2010/1/7 13:45,3980,3980,3980,3980,0
2010/1/7 13:46,3980,3980,3980,3980,0
2010/1/7 13:47,3980,3980,3980,3980,0
2010/1/7 13:48,3980,3980,3980,3980,0
2010/1/7 13:49,3980,3980,3980,3980,0
2010/1/7 13:50,3980,3980,3980,3980,0
2010/1/7 13:51,3980,3980,3980,3980,0
2010/1/7 13:52,3980,3980,3980,3980,0
2010/1/7 13:53,3980,3980,3980,3980,0
2010/1/7 13:54,3980,3980,3980,3980,0
2010/1/7 13:55,3980,3980,3980,3980,0
2010/1/7 13:56,3980,3980,3980,3980,0
2010/1/7 13:57,3980,3980,3980,3980,0
2010/1/7 13:58,3980,3980,3980,3980,0
2010/1/7 13:59,3980,3980,3980,3980,0
2010/1/7 14:00,3980,3980,3975,3975,120
2010/1/7 14:01,3975,3975,3975,3975,0
2010/1/7 14:02,3975,3975,3975,3975,0
2010/1/7 14:03,3975,3975,3975,3975,0
2010/1/7 14:04,3975,3975,3975,3975,0
2010/1/7 14:05,3975,3975,3975,3975,0
2010/1/7 14:06,3975,3975,3975,3975,0
2010/1/7 14:07,3975,3975,3975,3975,0
2010/1/7 14:08,3975,3975,3975,3975,0
2010/1/7 14:09,3975,3975,3975,3975,0
2010/1/7 14:10,3975,3975,3975,3975,0
2010/1/7 14:11,3975,3975,3975,3975,0
2010/1/7 14:12,3975,3975,3975,3975,0
2010/1/7 14:13,3975,3975,3975,3975,0
2010/1/7 14:14,3975,3975,3975,3975,0
2010/1/7 14:15,3975,3975,3975,3975,0
2010/1/7 14:16,3975,3975,3975,3975,0
2010/1/7 14:17,3975,3975,3975,3975,0
2010/1/7 14:18,3975,3975,3975,3975,0
2010/1/7 14:19,3975,3975,3975,3975,0
2010/1/7 14:20,3975,3975,3975,3975,0
2010/1/7 14:21,3975,3975,3975,3975,0
2010/1/7 14:22,3975,3975,3975,3975,60
2010/1/7 14:23,3975,3975,3975,3975,0
2010/1/7 14:24,3975,3975,3970,3970,120
2010/1/7 14:25,3970,3970,3970,3970,0
2010/1/7 14:26,3970,3970,3970,3970,0
2010/1/7 14:27,3970,3970,3970,3970,0
2010/1/7 14:28,3970,3970,3970,3970,0
2010/1/7 14:29,3970,3970,3970,3970,0
2010/1/7 14:30,3970,3970,3970,3970,0
2010/1/7 14:31,3970,3970,3970,3970,0
2010/1/7 14:32,3970,3970,3970,3970,0
2010/1/7 14:33,3970,3970,3970,3970,0
2010/1/7 14:34,3970,3970,3970,3970,0
2010/1/7 14:35,3970,3970,3970,3970,0
2010/1/7 14:36,3970,3970,3970,3970,0
2010/1/7 14:37,3970,3970,3970,3970,0
2010/1/7 14:38,3970,3970,3970,3970,0
2010/1/7 14:39,3970,3970,3970,3970,0
2010/1/7 14:40,3970,3970,3970,3970,0
2010/1/7 14:41,3970,3970,3970,3970,0
2010/1/7 14:42,3970,3970,3970,3970,0
2010/1/7 14:43,3970,3970,3970,3970,0
2010/1/7 14:44,3970,3970,3970,3970,0
2010/1/7 14:45,3970,3970,3970,3970,0
2010/1/7 14:46,3970,3970,3970,3970,0
2010/1/7 14:47,3970,3970,3970,3970,0
2010/1/7 14:48,3970,3970,3970,3970,0
2010/1/7 14:49,3970,3970,3970,3970,0
2010/1/7 14:50,3970,3970,3970,3970,0
2010/1/7 14:51,3970,3970,3970,3970,0
2010/1/7 14:52,3970,3970,3970,3970,0
2010/1/7 14:53,3970,3970,3970,3970,0
2010/1/7 14:54,3970,3970,3970,3970,0
2010/1/7 14:55,3970,3970,3970,3970,0
2010/1/7 14:56,3970,3970,3970,3970,0
2010/1/7 14:57,3970,3970,3970,3970,0
2010/1/7 14:58,3970,3970,3970,3970,0
2010/1/7 14:59,3970,3970,3970,3970,0
2010/1/7 15:00,3975,3975,3975,3975,60
2010/1/8 9:01,3961,3975,3961,3975,0
2010/1/8 9:02,3975,3975,3975,3975,0
2010/1/8 9:03,3975,3975,3975,3975,0
2010/1/8 9:04,3975,3975,3975,3975,0
2010/1/8 9:05,3961,3961,3961,3961,120
2010/1/8 9:06,3961,3961,3955,3955,60
2010/1/8 9:07,3955,3961,3955,3961,60
2010/1/8 9:08,3951,3961,3951,3961,120
2010/1/8 9:09,3961,3961,3961,3961,0
2010/1/8 9:10,3961,3965,3961,3965,60
2010/1/8 9:11,3965,3965,3965,3965,120
2010/1/8 9:12,3965,4037,3965,4037,180
2010/1/8 9:13,3966,3966,3966,3966,60
2010/1/8 9:14,3970,3970,3970,3970,60
2010/1/8 9:15,3970,3970,3970,3970,60
2010/1/8 9:16,3970,3970,3970,3970,0
2010/1/8 9:17,3970,3975,3970,3975,60
2010/1/8 9:18,3975,3975,3975,3975,0
2010/1/8 9:19,3975,3975,3975,3975,0
2010/1/8 9:20,3975,3975,3975,3975,0
2010/1/8 9:21,3975,3975,3975,3975,0
2010/1/8 9:22,3975,3975,3975,3975,0
2010/1/8 9:23,3975,3975,3975,3975,0
2010/1/8 9:24,3975,3975,3975,3975,0
2010/1/8 9:25,3975,3975,3975,3975,0
2010/1/8 9:26,3975,3975,3975,3975,0
2010/1/8 9:27,3975,3975,3975,3975,0
2010/1/8 9:28,3975,3975,3975,3975,0
2010/1/8 9:29,3975,3975,3975,3975,0
2010/1/8 9:30,3975,3975,3975,3975,0
2010/1/8 9:31,3975,3975,3975,3975,0
2010/1/8 9:32,3975,3975,3975,3975,0
2010/1/8 9:33,3975,3975,3975,3975,0
2010/1/8 9:34,3975,3975,3975,3975,0
2010/1/8 9:35,3975,3975,3975,3975,0
2010/1/8 9:36,3975,3975,3975,3975,0
2010/1/8 9:37,3975,3975,3975,3975,0
2010/1/8 9:38,3975,3975,3975,3975,0
2010/1/8 9:39,3975,3975,3975,3975,0
2010/1/8 9:40,3975,3975,3975,3975,0
2010/1/8 9:41,3975,3975,3975,3975,0
2010/1/8 9:42,3975,3975,3975,3975,0
2010/1/8 9:43,3975,3975,3975,3975,0
2010/1/8 9:44,3975,3975,3975,3975,0
2010/1/8 9:45,3975,3975,3975,3975,0
2010/1/8 9:46,3975,3975,3975,3975,0
2010/1/8 9:47,3975,3975,3975,3975,0
2010/1/8 9:48,3975,3975,3975,3975,0
2010/1/8 9:49,3975,3975,3975,3975,0
2010/1/8 9:50,3975,3975,3975,3975,0
2010/1/8 9:51,3975,3975,3975,3975,0
2010/1/8 9:52,3970,3970,3970,3970,60
2010/1/8 9:53,3968,3968,3968,3968,60
2010/1/8 9:54,3968,3968,3968,3968,0
2010/1/8 9:55,3968,3968,3968,3968,0
2010/1/8 9:56,3968,3968,3968,3968,0
2010/1/8 9:57,3968,3968,3968,3968,0
2010/1/8 9:58,3969,3969,3969,3969,60
2010/1/8 9:59,3969,3969,3969,3969,0
2010/1/8 10:00,3969,3969,3969,3969,0
2010/1/8 10:01,3969,3969,3969,3969,0
2010/1/8 10:02,3969,3969,3969,3969,60
2010/1/8 10:03,3967,3967,3965,3965,240
2010/1/8 10:04,3965,3965,3965,3965,0
2010/1/8 10:05,3965,3965,3965,3965,0
2010/1/8 10:06,3965,3965,3965,3965,0
2010/1/8 10:07,3965,3965,3965,3965,0
2010/1/8 10:08,3965,3965,3965,3965,0
2010/1/8 10:09,3966,3966,3966,3966,60
2010/1/8 10:10,3966,3966,3966,3966,0
2010/1/8 10:11,3966,3966,3966,3966,0
2010/1/8 10:12,3966,3966,3966,3966,0
2010/1/8 10:13,3966,3966,3966,3966,0
2010/1/8 10:14,3966,3966,3966,3966,0
2010/1/8 10:15,3965,3965,3965,3965,60
2010/1/8 10:31,3962,3962,3961,3961,120
2010/1/8 10:32,3960,3960,3960,3960,60
2010/1/8 10:33,3960,3960,3960,3960,0
2010/1/8 10:34,3960,3960,3960,3960,0
2010/1/8 10:35,3960,3960,3960,3960,0
2010/1/8 10:36,3960,3960,3960,3960,0
2010/1/8 10:37,3960,3960,3960,3960,0
2010/1/8 10:38,3980,3980,3970,3970,120
2010/1/8 10:39,3970,3970,3970,3970,0
2010/1/8 10:40,3970,3970,3970,3970,0
2010/1/8 10:41,3970,3970,3970,3970,0
2010/1/8 10:42,3970,3970,3970,3970,0
2010/1/8 10:43,3970,3970,3970,3970,0
2010/1/8 10:44,3970,3970,3970,3970,0
2010/1/8 10:45,3970,3970,3970,3970,0
2010/1/8 10:46,3970,3970,3970,3970,0
2010/1/8 10:47,3970,3970,3970,3970,0
2010/1/8 10:48,3970,3970,3970,3970,0
2010/1/8 10:49,3970,3970,3970,3970,0
2010/1/8 10:50,3970,3970,3970,3970,0
2010/1/8 10:51,3970,3970,3970,3970,0
2010/1/8 10:52,3970,3970,3970,3970,0
2010/1/8 10:53,3970,3970,3970,3970,0
2010/1/8 10:54,3970,3970,3970,3970,0
2010/1/8 10:55,3970,3970,3970,3970,0
2010/1/8 10:56,3970,3970,3970,3970,0
2010/1/8 10:57,3970,3970,3970,3970,0
2010/1/8 10:58,3960,3960,3960,3960,60
2010/1/8 10:59,3960,3960,3960,3960,0
2010/1/8 11:00,3960,3960,3960,3960,0
2010/1/8 11:01,3960,3960,3960,3960,0
2010/1/8 11:02,3960,3960,3960,3960,0
2010/1/8 11:03,3960,3960,3960,3960,0
2010/1/8 11:04,3960,3960,3960,3960,0
2010/1/8 11:05,3960,3960,3960,3960,0
2010/1/8 11:06,3960,3960,3960,3960,0
2010/1/8 11:07,3960,3960,3960,3960,0
2010/1/8 11:08,3960,3960,3960,3960,0
2010/1/8 11:09,3960,3960,3960,3960,0
2010/1/8 11:10,3960,3960,3960,3960,0
2010/1/8 11:11,3960,3960,3960,3960,0
2010/1/8 11:12,3960,3960,3960,3960,0
2010/1/8 11:13,3960,3960,3960,3960,0
2010/1/8 11:14,3960,3960,3960,3960,0
2010/1/8 11:15,3960,3960,3960,3960,0
2010/1/8 11:16,3960,3960,3960,3960,0
2010/1/8 11:17,3960,3960,3960,3960,0
2010/1/8 11:18,3960,3960,3960,3960,0
2010/1/8 11:19,3960,3960,3960,3960,0
2010/1/8 11:20,3960,3960,3960,3960,0
2010/1/8 11:21,3960,3960,3960,3960,0
2010/1/8 11:22,3960,3960,3960,3960,0
2010/1/8 11:23,3960,3960,3960,3960,0
2010/1/8 11:24,3960,3960,3960,3960,0
2010/1/8 11:25,3960,3960,3960,3960,0
2010/1/8 11:26,3960,3960,3960,3960,0
2010/1/8 11:27,3960,3960,3960,3960,0
2010/1/8 11:28,3960,3960,3960,3960,0
2010/1/8 11:29,3960,3960,3960,3960,0
2010/1/8 11:30,3960,3960,3960,3960,0
2010/1/8 13:31,3960,3960,3960,3960,0
2010/1/8 13:32,3960,3960,3960,3960,0
2010/1/8 13:33,3960,3960,3960,3960,0
2010/1/8 13:34,3960,3960,3960,3960,0
2010/1/8 13:35,3960,3960,3960,3960,0
2010/1/8 13:36,3965,3965,3965,3965,60
2010/1/8 13:37,3968,3968,3968,3968,60
2010/1/8 13:38,3968,3968,3968,3968,0
2010/1/8 13:39,3968,3968,3968,3968,0
2010/1/8 13:40,3968,3968,3968,3968,0
2010/1/8 13:41,3968,3968,3968,3968,60
2010/1/8 13:42,3968,3968,3967,3967,60
2010/1/8 13:43,3967,3968,3967,3968,120
2010/1/8 13:44,3968,3968,3968,3968,0
2010/1/8 13:45,3968,3968,3968,3968,120
2010/1/8 13:46,3968,3968,3968,3968,120
2010/1/8 13:47,3968,3968,3968,3968,60
2010/1/8 13:48,3968,3968,3968,3968,0
2010/1/8 13:49,3968,3968,3968,3968,0
2010/1/8 13:50,3968,3968,3968,3968,0
2010/1/8 13:51,3968,3968,3968,3968,0
2010/1/8 13:52,3968,3968,3968,3968,0
2010/1/8 13:53,3968,3968,3968,3968,0
2010/1/8 13:54,3968,3968,3968,3968,0
2010/1/8 13:55,3968,3968,3968,3968,0
2010/1/8 13:56,3968,3968,3968,3968,0
2010/1/8 13:57,3968,3968,3968,3968,0
2010/1/8 13:58,3968,3968,3968,3968,0
2010/1/8 13:59,3968,3968,3968,3968,0
2010/1/8 14:00,3968,3968,3968,3968,0
2010/1/8 14:01,3968,3968,3968,3968,0
2010/1/8 14:02,3968,3968,3968,3968,0
2010/1/8 14:03,3968,3968,3968,3968,0
2010/1/8 14:04,3968,3968,3968,3968,0
2010/1/8 14:05,3968,3968,3968,3968,0
2010/1/8 14:06,3968,3968,3968,3968,0
2010/1/8 14:07,3968,3968,3968,3968,0
2010/1/8 14:08,3968,3968,3968,3968,0
2010/1/8 14:09,3968,3968,3968,3968,0
2010/1/8 14:10,3968,3968,3968,3968,0
2010/1/8 14:11,3968,3968,3968,3968,0
2010/1/8 14:12,3968,3968,3968,3968,0
2010/1/8 14:13,3968,3968,3968,3968,0
2010/1/8 14:14,3968,3968,3968,3968,0
2010/1/8 14:15,3968,3968,3968,3968,0
2010/1/8 14:16,3968,3968,3968,3968,0
2010/1/8 14:17,3968,3968,3968,3968,0
2010/1/8 14:18,3968,3968,3968,3968,0
2010/1/8 14:19,3968,3968,3968,3968,0
2010/1/8 14:20,3968,3968,3968,3968,0
2010/1/8 14:21,3968,3968,3968,3968,0
2010/1/8 14:22,3968,3968,3968,3968,0
2010/1/8 14:23,3968,3968,3968,3968,0
2010/1/8 14:24,3968,3968,3968,3968,0
2010/1/8 14:25,3968,3968,3968,3968,0
2010/1/8 14:26,3968,3968,3968,3968,0
2010/1/8 14:27,3968,3968,3968,3968,0
2010/1/8 14:28,3968,3968,3968,3968,0
2010/1/8 14:29,3968,3968,3968,3968,0
2010/1/8 14:30,3968,3968,3968,3968,0
2010/1/8 14:31,3968,3968,3968,3968,0
2010/1/8 14:32,3968,3968,3968,3968,0
2010/1/8 14:33,3968,3968,3968,3968,0
2010/1/8 14:34,3968,3968,3968,3968,0
2010/1/8 14:35,3968,3968,3968,3968,0
2010/1/8 14:36,3968,3968,3968,3968,0
2010/1/8 14:37,3968,3968,3968,3968,0
2010/1/8 14:38,3968,3968,3968,3968,0
2010/1/8 14:39,3968,3968,3968,3968,0
2010/1/8 14:40,3968,3968,3968,3968,0
2010/1/8 14:41,3968,3968,3968,3968,0
2010/1/8 14:42,3968,3968,3968,3968,0
2010/1/8 14:43,3968,3968,3968,3968,0
2010/1/8 14:44,3968,3968,3968,3968,0
2010/1/8 14:45,3968,3968,3968,3968,0
2010/1/8 14:46,3968,3968,3968,3968,0
2010/1/8 14:47,3968,3968,3968,3968,0
2010/1/8 14:48,3968,3968,3968,3968,0
2010/1/8 14:49,3968,3968,3968,3968,0
2010/1/8 14:50,3968,3968,3968,3968,0
2010/1/8 14:51,3968,3968,3968,3968,0
2010/1/8 14:52,3968,3980,3968,3980,60
2010/1/8 14:53,3975,3975,3975,3975,60
2010/1/8 14:54,3975,3975,3975,3975,0
2010/1/8 14:55,3975,3975,3975,3975,0
2010/1/8 14:56,3975,3975,3975,3975,0
2010/1/8 14:57,3975,3975,3975,3975,0
2010/1/8 14:58,3975,3975,3975,3975,0
2010/1/8 14:59,3975,3975,3975,3975,0
2010/1/8 15:00,3975,3975,3975,3975,0
2010/1/11 9:01,3961,3975,3961,3975,0
2010/1/11 9:02,3975,3975,3975,3975,0
2010/1/11 9:03,3975,3975,3975,3975,0
2010/1/11 9:04,3975,3975,3975,3975,0
2010/1/11 9:05,3975,3975,3975,3975,0
2010/1/11 9:06,3975,3975,3975,3975,0
2010/1/11 9:07,3961,3961,3961,3961,60
2010/1/11 9:08,3961,3961,3961,3961,0
2010/1/11 9:09,3961,3961,3961,3961,0
2010/1/11 9:10,3961,3961,3961,3961,0
2010/1/11 9:11,3961,3961,3961,3961,0
2010/1/11 9:12,3961,3961,3961,3961,0
2010/1/11 9:13,3961,3961,3961,3961,0
2010/1/11 9:14,3961,3961,3961,3961,0
2010/1/11 9:15,3961,3961,3961,3961,0
2010/1/11 9:16,3961,3961,3961,3961,0
2010/1/11 9:17,3961,3961,3961,3961,0
2010/1/11 9:18,3961,3961,3961,3961,0
2010/1/11 9:19,3961,3961,3961,3961,0
2010/1/11 9:20,3961,3961,3961,3961,0
2010/1/11 9:21,3961,3961,3961,3961,0
2010/1/11 9:22,3961,3961,3961,3961,0
2010/1/11 9:23,3961,3961,3961,3961,0
2010/1/11 9:24,3961,3961,3961,3961,0
2010/1/11 9:25,3961,3961,3961,3961,0
2010/1/11 9:26,3961,3961,3961,3961,0
2010/1/11 9:27,3961,3961,3961,3961,0
2010/1/11 9:28,3961,3961,3961,3961,0
2010/1/11 9:29,3961,3961,3961,3961,0
2010/1/11 9:30,3961,3961,3961,3961,0
2010/1/11 9:31,3961,3961,3961,3961,0
2010/1/11 9:32,3961,3961,3961,3961,0
2010/1/11 9:33,3961,3961,3961,3961,0
2010/1/11 9:34,3961,3961,3961,3961,0
2010/1/11 9:35,3961,3961,3961,3961,0
2010/1/11 9:36,3961,3961,3961,3961,0
2010/1/11 9:37,3961,3961,3961,3961,0
2010/1/11 9:38,3961,3961,3961,3961,0
2010/1/11 9:39,3961,3961,3961,3961,0
2010/1/11 9:40,3961,3961,3961,3961,0
2010/1/11 9:41,3961,3961,3961,3961,0
2010/1/11 9:42,3961,3961,3961,3961,0
2010/1/11 9:43,3961,3961,3961,3961,0
2010/1/11 9:44,3961,3961,3961,3961,0
2010/1/11 9:45,3961,3961,3961,3961,0
2010/1/11 9:46,3961,3961,3961,3961,0
2010/1/11 9:47,3961,3961,3961,3961,0
2010/1/11 9:48,3961,3961,3961,3961,0
2010/1/11 9:49,3961,3961,3961,3961,0
2010/1/11 9:50,3961,3961,3961,3961,0
2010/1/11 9:51,3961,3961,3961,3961,0
2010/1/11 9:52,3961,3961,3961,3961,0
2010/1/11 9:53,3961,3961,3961,3961,0
2010/1/11 9:54,3961,3961,3961,3961,0
2010/1/11 9:55,3961,3961,3961,3961,0
2010/1/11 9:56,3961,3961,3961,3961,0
2010/1/11 9:57,3961,3961,3961,3961,0
2010/1/11 9:58,3961,3961,3961,3961,0
2010/1/11 9:59,3961,3961,3961,3961,0
2010/1/11 10:00,3961,3961,3961,3961,0
2010/1/11 10:01,3961,3961,3961,3961,0
2010/1/11 10:02,3961,3961,3961,3961,0
2010/1/11 10:03,3961,3961,3961,3961,0
2010/1/11 10:04,3961,3961,3961,3961,0
2010/1/11 10:05,3961,3961,3961,3961,0
2010/1/11 10:06,3961,3961,3961,3961,0
2010/1/11 10:07,3961,3961,3961,3961,0
2010/1/11 10:08,3961,3961,3961,3961,0
2010/1/11 10:09,3961,3961,3961,3961,0
2010/1/11 10:10,3961,3961,3961,3961,0
2010/1/11 10:11,3961,3961,3961,3961,0
2010/1/11 10:12,3961,3961,3961,3961,0
2010/1/11 10:13,3961,3961,3961,3961,0
2010/1/11 10:14,3961,3961,3961,3961,0
2010/1/11 10:15,3961,3961,3961,3961,0
2010/1/11 10:31,3961,3961,3961,3961,0
2010/1/11 10:32,3961,3961,3961,3961,0
2010/1/11 10:33,3961,3961,3961,3961,0
2010/1/11 10:34,3961,3961,3961,3961,0
2010/1/11 10:35,3961,3961,3961,3961,0
2010/1/11 10:36,3961,3961,3961,3961,0
2010/1/11 10:37,3961,3961,3961,3961,0
2010/1/11 10:38,3961,3961,3961,3961,0
2010/1/11 10:39,3961,3961,3961,3961,0
2010/1/11 10:40,3961,3961,3961,3961,0
2010/1/11 10:41,3961,3961,3961,3961,0
2010/1/11 10:42,3961,3961,3961,3961,0
2010/1/11 10:43,3961,3961,3961,3961,0
2010/1/11 10:44,3961,3961,3961,3961,0
2010/1/11 10:45,3961,3961,3961,3961,0
2010/1/11 10:46,3961,3961,3961,3961,0
2010/1/11 10:47,3961,3961,3961,3961,0
2010/1/11 10:48,3961,3961,3961,3961,0
2010/1/11 10:49,3961,3961,3961,3961,0
2010/1/11 10:50,3961,3961,3961,3961,0
2010/1/11 10:51,3961,3961,3961,3961,0
2010/1/11 10:52,3961,3961,3961,3961,0
2010/1/11 10:53,3961,3961,3961,3961,0
2010/1/11 10:54,3961,3961,3961,3961,0
2010/1/11 10:55,3961,3961,3961,3961,0
2010/1/11 10:56,3961,3961,3961,3961,0
2010/1/11 10:57,3961,3961,3961,3961,0
2010/1/11 10:58,3961,3961,3961,3961,0
2010/1/11 10:59,3961,3961,3961,3961,0
2010/1/11 11:00,3961,3961,3961,3961,0
2010/1/11 11:01,3961,3961,3961,3961,0
2010/1/11 11:02,3961,3961,3961,3961,0
2010/1/11 11:03,3961,3961,3961,3961,0
2010/1/11 11:04,3961,3961,3961,3961,0
2010/1/11 11:05,3961,3961,3961,3961,0
2010/1/11 11:06,3961,3961,3961,3961,0
2010/1/11 11:07,3961,3961,3961,3961,0
2010/1/11 11:08,3961,3961,3961,3961,0
2010/1/11 11:09,3961,3961,3961,3961,0
2010/1/11 11:10,3961,3961,3961,3961,0
2010/1/11 11:11,3961,3961,3961,3961,0
2010/1/11 11:12,3961,3961,3961,3961,0
2010/1/11 11:13,3961,3961,3961,3961,0
2010/1/11 11:14,3961,3961,3961,3961,0
2010/1/11 11:15,3961,3961,3961,3961,0
2010/1/11 11:16,3961,4020,3961,4020,60
2010/1/11 11:17,4020,4020,4020,4020,0
2010/1/11 11:18,4020,4020,4020,4020,0
2010/1/11 11:19,4020,4020,4020,4020,0
2010/1/11 11:20,4020,4020,4020,4020,0
2010/1/11 11:21,4020,4020,4020,4020,0
2010/1/11 11:22,4020,4020,4020,4020,0
2010/1/11 11:23,4020,4020,4020,4020,0
2010/1/11 11:24,4020,4020,4020,4020,0
2010/1/11 11:25,4020,4020,4020,4020,0
2010/1/11 11:26,4020,4020,4020,4020,0
2010/1/11 11:27,4020,4020,4020,4020,0
2010/1/11 11:28,4020,4020,4020,4020,0
2010/1/11 11:29,4020,4020,4020,4020,0
2010/1/11 11:30,4020,4020,4020,4020,0
2010/1/11 13:31,4020,4020,4020,4020,0
2010/1/11 13:32,4020,4020,4020,4020,0
2010/1/11 13:33,4020,4020,4020,4020,0
2010/1/11 13:34,4020,4020,4020,4020,0
2010/1/11 13:35,4020,4020,4020,4020,0
2010/1/11 13:36,4020,4020,4020,4020,0
2010/1/11 13:37,4020,4020,4020,4020,0
2010/1/11 13:38,4020,4020,4020,4020,0
2010/1/11 13:39,4020,4020,4020,4020,0
2010/1/11 13:40,4020,4020,4020,4020,0
2010/1/11 13:41,4020,4020,4020,4020,0
2010/1/11 13:42,4020,4020,4020,4020,0
2010/1/11 13:43,4020,4020,4020,4020,0
2010/1/11 13:44,4020,4020,4020,4020,0
2010/1/11 13:45,4020,4020,4020,4020,0
2010/1/11 13:46,4020,4020,4020,4020,0
2010/1/11 13:47,4020,4020,4020,4020,0
2010/1/11 13:48,4020,4020,4020,4020,0
2010/1/11 13:49,4020,4020,4020,4020,0
2010/1/11 13:50,4020,4020,4020,4020,0
2010/1/11 13:51,4020,4020,4020,4020,0
2010/1/11 13:52,4020,4020,4020,4020,0
2010/1/11 13:53,4020,4020,4020,4020,0
2010/1/11 13:54,4020,4020,4020,4020,0
2010/1/11 13:55,4020,4020,4020,4020,0
2010/1/11 13:56,4020,4020,4020,4020,0
2010/1/11 13:57,4020,4020,4020,4020,0
2010/1/11 13:58,4020,4020,4020,4020,0
2010/1/11 13:59,4020,4020,4020,4020,0
2010/1/11 14:00,4020,4020,4020,4020,0
2010/1/11 14:01,4020,4020,4020,4020,0
2010/1/11 14:02,4020,4020,4020,4020,0
2010/1/11 14:03,4020,4020,4020,4020,0
2010/1/11 14:04,4020,4020,4020,4020,0
2010/1/11 14:05,4020,4020,4020,4020,0
2010/1/11 14:06,4020,4020,4020,4020,0
2010/1/11 14:07,4020,4020,4020,4020,0
2010/1/11 14:08,4020,4020,4020,4020,0
2010/1/11 14:09,4020,4020,4020,4020,0
2010/1/11 14:10,4020,4020,4020,4020,0
2010/1/11 14:11,4020,4020,4020,4020,0
2010/1/11 14:12,4020,4020,4020,4020,0
2010/1/11 14:13,4020,4020,4020,4020,0
2010/1/11 14:14,4020,4020,4020,4020,0
2010/1/11 14:15,4020,4020,4020,4020,0
2010/1/11 14:16,4020,4020,4020,4020,0
2010/1/11 14:17,4020,4020,4020,4020,0
2010/1/11 14:18,4020,4020,4020,4020,0
2010/1/11 14:19,4020,4020,4020,4020,0
2010/1/11 14:20,4020,4020,4020,4020,0
2010/1/11 14:21,4020,4020,4020,4020,0
2010/1/11 14:22,4020,4020,4020,4020,0
2010/1/11 14:23,4020,4020,4020,4020,0
2010/1/11 14:24,4020,4020,4020,4020,0
2010/1/11 14:25,4020,4020,4020,4020,0
2010/1/11 14:26,4020,4020,4020,4020,0
2010/1/11 14:27,4020,4020,4020,4020,0
2010/1/11 14:28,4020,4020,4020,4020,0
2010/1/11 14:29,4020,4020,4020,4020,0
2010/1/11 14:30,4020,4020,4020,4020,0
2010/1/11 14:31,4020,4020,4020,4020,0
2010/1/11 14:32,4020,4020,4020,4020,0
2010/1/11 14:33,4020,4020,4020,4020,0
2010/1/11 14:34,4020,4020,4020,4020,0
2010/1/11 14:35,4020,4020,4020,4020,0
2010/1/11 14:36,4020,4020,4020,4020,0
2010/1/11 14:37,4020,4020,4020,4020,0
2010/1/11 14:38,4020,4020,4020,4020,0
2010/1/11 14:39,4020,4020,4020,4020,0
2010/1/11 14:40,4020,4020,4020,4020,0
2010/1/11 14:41,4020,4020,4020,4020,0
2010/1/11 14:42,4020,4020,4020,4020,0
2010/1/11 14:43,4020,4020,4020,4020,0
2010/1/11 14:44,4020,4020,4020,4020,0
2010/1/11 14:45,4020,4020,4020,4020,0
2010/1/11 14:46,4020,4020,4020,4020,0
2010/1/11 14:47,4020,4020,4020,4020,0
2010/1/11 14:48,4020,4020,4020,4020,0
2010/1/11 14:49,4020,4020,4020,4020,0
2010/1/11 14:50,4020,4020,4020,4020,0
2010/1/11 14:51,4020,4020,4020,4020,0
2010/1/11 14:52,4020,4020,4020,4020,0
2010/1/11 14:53,4020,4020,4020,4020,0
2010/1/11 14:54,4020,4020,4020,4020,0
2010/1/11 14:55,4020,4020,4020,4020,0
2010/1/11 14:56,4010,4020,4010,4020,120
2010/1/11 14:57,4020,4020,4020,4020,0
2010/1/11 14:58,4020,4020,4020,4020,0
2010/1/11 14:59,4020,4020,4020,4020,60
2010/1/11 15:00,4020,4020,4020,4020,0
2010/1/12 9:01,3981,4020,3981,4020,0
2010/1/12 9:02,4020,4020,4020,4020,0
2010/1/12 9:03,4020,4020,4020,4020,0
2010/1/12 9:04,4020,4020,4020,4020,0
2010/1/12 9:05,4020,4020,4020,4020,0
2010/1/12 9:06,4020,4020,4020,4020,0
2010/1/12 9:07,4020,4020,4020,4020,0
2010/1/12 9:08,4020,4020,3981,3981,60
2010/1/12 9:09,3981,3981,3981,3981,0
2010/1/12 9:10,3981,3981,3981,3981,0
2010/1/12 9:11,3981,3981,3981,3981,0
2010/1/12 9:12,3981,3981,3981,3981,0
2010/1/12 9:13,3981,3981,3981,3981,0
2010/1/12 9:14,3981,3981,3981,3981,0
2010/1/12 9:15,3981,3981,3981,3981,0
2010/1/12 9:16,3981,3981,3981,3981,0
2010/1/12 9:17,3981,3981,3981,3981,0
2010/1/12 9:18,3981,3981,3981,3981,0
2010/1/12 9:19,3981,3981,3981,3981,0
2010/1/12 9:20,3981,3981,3981,3981,0
2010/1/12 9:21,3981,3981,3981,3981,0
2010/1/12 9:22,3981,3981,3981,3981,0
2010/1/12 9:23,3981,3981,3981,3981,0
2010/1/12 9:24,3981,3981,3981,3981,0
2010/1/12 9:25,3981,3981,3981,3981,0
2010/1/12 9:26,3981,3981,3981,3981,0
2010/1/12 9:27,3981,3981,3981,3981,0
2010/1/12 9:28,3981,3981,3981,3981,0
2010/1/12 9:29,3981,3981,3981,3981,0
2010/1/12 9:30,3981,3981,3981,3981,0
2010/1/12 9:31,3981,3981,3981,3981,0
2010/1/12 9:32,3981,3981,3981,3981,0
2010/1/12 9:33,3981,3981,3981,3981,0
2010/1/12 9:34,3981,3981,3981,3981,0
2010/1/12 9:35,3981,3981,3981,3981,0
2010/1/12 9:36,3981,3981,3981,3981,0
2010/1/12 9:37,3981,3981,3981,3981,0
2010/1/12 9:38,3981,3981,3981,3981,0
2010/1/12 9:39,3981,3981,3981,3981,0
2010/1/12 9:40,3981,3981,3981,3981,0
2010/1/12 9:41,3981,3981,3981,3981,0
2010/1/12 9:42,3981,3981,3981,3981,0
2010/1/12 9:43,3981,3981,3981,3981,0
2010/1/12 9:44,3981,3981,3981,3981,0
2010/1/12 9:45,3981,3981,3981,3981,0
2010/1/12 9:46,3981,3981,3981,3981,0
2010/1/12 9:47,3981,3981,3981,3981,0
2010/1/12 9:48,3981,3981,3981,3981,0
2010/1/12 9:49,3981,3981,3981,3981,0
2010/1/12 9:50,3981,3981,3981,3981,0
2010/1/12 9:51,3981,3981,3981,3981,0
2010/1/12 9:52,3981,3981,3981,3981,0
2010/1/12 9:53,3981,3981,3981,3981,0
2010/1/12 9:54,3981,3981,3981,3981,0
2010/1/12 9:55,3981,3981,3981,3981,0
2010/1/12 9:56,3981,3981,3981,3981,0
2010/1/12 9:57,3981,3981,3981,3981,0
2010/1/12 9:58,3981,3981,3981,3981,0
2010/1/12 9:59,3981,3981,3981,3981,0
2010/1/12 10:00,3981,3981,3981,3981,0
2010/1/12 10:01,3981,3981,3981,3981,0
2010/1/12 10:02,3981,3981,3981,3981,0
2010/1/12 10:03,3981,3981,3981,3981,0
2010/1/12 10:04,3981,3981,3981,3981,0
2010/1/12 10:05,3981,3981,3981,3981,0
2010/1/12 10:06,3981,3981,3981,3981,0
2010/1/12 10:07,3981,3981,3981,3981,0
2010/1/12 10:08,3981,3981,3981,3981,0
2010/1/12 10:09,3981,3981,3981,3981,0
2010/1/12 10:10,3981,3981,3981,3981,0
2010/1/12 10:11,3981,3981,3981,3981,0
2010/1/12 10:12,3981,3981,3981,3981,0
2010/1/12 10:13,3981,3981,3981,3981,0
2010/1/12 10:14,3981,3981,3981,3981,0
2010/1/12 10:15,3981,3981,3981,3981,0
2010/1/12 10:31,3985,3985,3985,3985,120
2010/1/12 10:32,3985,3985,3985,3985,0
2010/1/12 10:33,3985,3985,3985,3985,0
2010/1/12 10:34,3985,3985,3985,3985,0
2010/1/12 10:35,3985,3985,3985,3985,0
2010/1/12 10:36,3985,3985,3985,3985,0
2010/1/12 10:37,3985,3985,3985,3985,0
2010/1/12 10:38,3985,3985,3985,3985,0
2010/1/12 10:39,3985,3985,3985,3985,0
2010/1/12 10:40,3985,3985,3985,3985,0
2010/1/12 10:41,3985,3985,3985,3985,0
2010/1/12 10:42,3985,3985,3985,3985,0
2010/1/12 10:43,3985,3985,3985,3985,0
2010/1/12 10:44,3985,3985,3985,3985,0
2010/1/12 10:45,3985,3985,3985,3985,0
2010/1/12 10:46,3985,3985,3985,3985,0
2010/1/12 10:47,3985,3985,3985,3985,0
2010/1/12 10:48,3985,3985,3985,3985,0
2010/1/12 10:49,3985,3985,3985,3985,0
2010/1/12 10:50,3985,3985,3985,3985,0
2010/1/12 10:51,3985,3985,3985,3985,0
2010/1/12 10:52,3985,3985,3985,3985,0
2010/1/12 10:53,3985,3985,3985,3985,0
2010/1/12 10:54,3998,3998,3998,3998,60
2010/1/12 10:55,3998,3998,3998,3998,0
2010/1/12 10:56,3998,3998,3998,3998,0
2010/1/12 10:57,3998,3998,3998,3998,0
2010/1/12 10:58,3998,3998,3998,3998,0
2010/1/12 10:59,3998,3998,3998,3998,0
2010/1/12 11:00,3998,3998,3998,3998,0
2010/1/12 11:01,3998,3998,3998,3998,0
2010/1/12 11:02,3998,3998,3998,3998,0
2010/1/12 11:03,3998,3998,3998,3998,0
2010/1/12 11:04,3998,3998,3998,3998,0
2010/1/12 11:05,3998,3998,3998,3998,0
2010/1/12 11:06,3998,3998,3998,3998,0
2010/1/12 11:07,3998,3998,3998,3998,0
2010/1/12 11:08,3998,3998,3998,3998,60
2010/1/12 11:09,3998,3998,3998,3998,0
2010/1/12 11:10,3998,3998,3998,3998,60
2010/1/12 11:11,3998,3998,3998,3998,0
2010/1/12 11:12,3998,3998,3998,3998,0
2010/1/12 11:13,3998,3998,3998,3998,60
2010/1/12 11:14,3998,3998,3998,3998,0
2010/1/12 11:15,3998,3998,3998,3998,0
2010/1/12 11:16,3998,3998,3998,3998,0
2010/1/12 11:17,3998,3998,3998,3998,0
2010/1/12 11:18,3998,3998,3998,3998,0
2010/1/12 11:19,3998,3998,3998,3998,0
2010/1/12 11:20,3998,3998,3998,3998,0
2010/1/12 11:21,3998,3998,3998,3998,0
2010/1/12 11:22,3998,3998,3998,3998,0
2010/1/12 11:23,3998,3998,3998,3998,0
2010/1/12 11:24,3998,3998,3998,3998,0
2010/1/12 11:25,3998,3998,3998,3998,0
2010/1/12 11:26,3998,3998,3998,3998,0
2010/1/12 11:27,3998,3998,3998,3998,0
2010/1/12 11:28,3998,3998,3998,3998,0
2010/1/12 11:29,3998,3998,3998,3998,0
2010/1/12 11:30,3998,3998,3998,3998,0
2010/1/12 13:31,3998,3998,3998,3998,0
2010/1/12 13:32,3998,3998,3998,3998,0
2010/1/12 13:33,3998,3998,3998,3998,0
2010/1/12 13:34,3998,3998,3998,3998,0
2010/1/12 13:35,3998,3998,3998,3998,0
2010/1/12 13:36,3998,3998,3998,3998,0
2010/1/12 13:37,3998,3998,3998,3998,0
2010/1/12 13:38,3998,3998,3998,3998,0
2010/1/12 13:39,3998,3998,3998,3998,0
2010/1/12 13:40,3998,3998,3998,3998,0
2010/1/12 13:41,3998,3998,3998,3998,0
2010/1/12 13:42,3998,3998,3998,3998,0
2010/1/12 13:43,3998,3998,3998,3998,0
2010/1/12 13:44,3998,3998,3998,3998,0
2010/1/12 13:45,3998,3998,3998,3998,0
2010/1/12 13:46,3998,3998,3998,3998,0
2010/1/12 13:47,3998,3998,3998,3998,0
2010/1/12 13:48,3998,3998,3998,3998,0
2010/1/12 13:49,3998,3998,3998,3998,0
2010/1/12 13:50,3998,3998,3998,3998,0
2010/1/12 13:51,3998,3998,3998,3998,0
2010/1/12 13:52,3998,3998,3998,3998,0
2010/1/12 13:53,3998,3998,3998,3998,0
2010/1/12 13:54,3998,3998,3998,3998,0
2010/1/12 13:55,3998,4010,3998,4010,60
2010/1/12 13:56,4010,4010,4010,4010,0
2010/1/12 13:57,4010,4010,4010,4010,60
2010/1/12 13:58,4010,4010,4010,4010,0
2010/1/12 13:59,4010,4010,4010,4010,0
2010/1/12 14:00,4010,4010,4010,4010,0
2010/1/12 14:01,4010,4010,4010,4010,0
2010/1/12 14:02,4010,4010,4010,4010,0
2010/1/12 14:03,4010,4010,4010,4010,0
2010/1/12 14:04,4010,4010,4010,4010,0
2010/1/12 14:05,4010,4010,4010,4010,0
2010/1/12 14:06,4010,4010,4010,4010,0
2010/1/12 14:07,4010,4010,4010,4010,0
2010/1/12 14:08,4010,4010,4010,4010,0
2010/1/12 14:09,4010,4010,4010,4010,0
2010/1/12 14:10,4010,4010,4010,4010,0
2010/1/12 14:11,4010,4010,4010,4010,0
2010/1/12 14:12,4010,4010,4010,4010,0
2010/1/12 14:13,4010,4010,4010,4010,0
2010/1/12 14:14,4010,4010,4010,4010,0
2010/1/12 14:15,4010,4010,4010,4010,0
2010/1/12 14:16,4010,4010,4010,4010,0
2010/1/12 14:17,4010,4010,4010,4010,0
2010/1/12 14:18,4010,4010,4010,4010,0
2010/1/12 14:19,4010,4010,4010,4010,0
2010/1/12 14:20,4010,4010,4010,4010,0
2010/1/12 14:21,4010,4010,4010,4010,0
2010/1/12 14:22,4010,4010,4010,4010,0
2010/1/12 14:23,4010,4010,4010,4010,0
2010/1/12 14:24,4010,4010,4010,4010,0
2010/1/12 14:25,4010,4010,4010,4010,0
2010/1/12 14:26,4010,4010,4010,4010,0
2010/1/12 14:27,4010,4010,4010,4010,0
2010/1/12 14:28,4010,4010,4010,4010,0
2010/1/12 14:29,4010,4010,4010,4010,0
2010/1/12 14:30,4010,4010,4010,4010,0
2010/1/12 14:31,4010,4010,4010,4010,0
2010/1/12 14:32,4010,4010,4010,4010,0
2010/1/12 14:33,4010,4010,4010,4010,0
2010/1/12 14:34,4010,4010,4010,4010,0
2010/1/12 14:35,4010,4010,4010,4010,0
2010/1/12 14:36,4010,4010,4010,4010,0
2010/1/12 14:37,4010,4010,4010,4010,0
2010/1/12 14:38,4010,4010,4010,4010,0
2010/1/12 14:39,4010,4010,4010,4010,0
2010/1/12 14:40,4010,4010,4010,4010,0
2010/1/12 14:41,4010,4010,4010,4010,0
2010/1/12 14:42,4010,4010,4010,4010,0
2010/1/12 14:43,4010,4010,4010,4010,0
2010/1/12 14:44,4010,4010,4010,4010,0
2010/1/12 14:45,4010,4010,4010,4010,0
2010/1/12 14:46,4010,4010,4010,4010,0
2010/1/12 14:47,4010,4010,4010,4010,0
2010/1/12 14:48,4010,4010,4010,4010,0
2010/1/12 14:49,4010,4010,4010,4010,0
2010/1/12 14:50,4010,4010,4010,4010,0
2010/1/12 14:51,4010,4010,4010,4010,0
2010/1/12 14:52,4010,4010,4010,4010,0
2010/1/12 14:53,4019,4019,4019,4019,60
2010/1/12 14:54,4019,4019,4019,4019,0
2010/1/12 14:55,4019,4019,4019,4019,0
2010/1/12 14:56,4019,4019,4019,4019,0
2010/1/12 14:57,4019,4019,4019,4019,0
2010/1/12 14:58,4019,4019,4019,4019,0
2010/1/12 14:59,4019,4019,4019,4019,0
2010/1/12 15:00,4019,4019,4019,4019,0
2010/1/13 9:01,4000,4019,4000,4019,0
2010/1/13 9:02,4019,4019,4019,4019,0
2010/1/13 9:03,4019,4019,4019,4019,0
2010/1/13 9:04,4019,4019,4019,4019,0
2010/1/13 9:05,4019,4019,4019,4019,0
2010/1/13 9:06,4019,4019,4019,4019,0
2010/1/13 9:07,4019,4019,4019,4019,0
2010/1/13 9:08,4019,4019,4019,4019,0
2010/1/13 9:09,4019,4019,4019,4019,0
2010/1/13 9:10,4019,4019,4019,4019,0
2010/1/13 9:11,4019,4019,4019,4019,0
2010/1/13 9:12,4019,4019,4019,4019,0
2010/1/13 9:13,4019,4019,4019,4019,0
2010/1/13 9:14,4019,4019,4019,4019,0
2010/1/13 9:15,4019,4019,4019,4019,0
2010/1/13 9:16,4019,4019,4019,4019,0
2010/1/13 9:17,4019,4019,4019,4019,0
2010/1/13 9:18,4019,4019,4019,4019,0
2010/1/13 9:19,4019,4019,4019,4019,0
2010/1/13 9:20,4019,4019,4019,4019,0
2010/1/13 9:21,4019,4019,4019,4019,0
2010/1/13 9:22,4019,4019,4000,4000,120
2010/1/13 9:23,4000,4000,4000,4000,0
2010/1/13 9:24,4000,4000,4000,4000,360
2010/1/13 9:25,4000,4000,4000,4000,0
2010/1/13 9:26,3999,4000,3999,4000,360
2010/1/13 9:27,4000,4000,4000,4000,0
2010/1/13 9:28,4000,4000,4000,4000,0
2010/1/13 9:29,4000,4000,4000,4000,0
2010/1/13 9:30,4000,4000,4000,4000,0
2010/1/13 9:31,4000,4000,4000,4000,0
2010/1/13 9:32,4000,4000,4000,4000,0
2010/1/13 9:33,3999,4000,3999,4000,420
2010/1/13 9:34,4000,4000,4000,4000,0
2010/1/13 9:35,4000,4000,4000,4000,0
2010/1/13 9:36,4000,4000,4000,4000,0
2010/1/13 9:37,4000,4000,4000,4000,0
2010/1/13 9:38,4000,4000,3980,3980,300
2010/1/13 9:39,3980,3980,3980,3980,360
2010/1/13 9:40,3980,3995,3980,3995,60
2010/1/13 9:41,3995,3995,3995,3995,0
2010/1/13 9:42,3995,3995,3995,3995,0
2010/1/13 9:43,3995,3995,3995,3995,0
2010/1/13 9:44,3995,3995,3995,3995,180
2010/1/13 9:45,3995,3995,3995,3995,0
2010/1/13 9:46,3995,3995,3995,3995,0
2010/1/13 9:47,3995,3995,3995,3995,0
2010/1/13 9:48,3995,3995,3995,3995,0
2010/1/13 9:49,3995,3995,3995,3995,0
2010/1/13 9:50,3995,3995,3995,3995,0
2010/1/13 9:51,3995,3995,3995,3995,0
2010/1/13 9:52,3995,3995,3995,3995,0
2010/1/13 9:53,3997,3997,3997,3997,120
2010/1/13 9:54,3997,3997,3997,3997,0
2010/1/13 9:55,3997,3997,3997,3997,0
2010/1/13 9:56,3997,3997,3997,3997,0
2010/1/13 9:57,3997,3997,3997,3997,0
2010/1/13 9:58,3997,3997,3997,3997,240
2010/1/13 9:59,3997,3997,3997,3997,0
2010/1/13 10:00,3997,3997,3997,3997,0
2010/1/13 10:01,3997,3997,3997,3997,0
2010/1/13 10:02,3997,3997,3997,3997,0
2010/1/13 10:03,3997,3997,3997,3997,0
2010/1/13 10:04,3997,3997,3997,3997,0
2010/1/13 10:05,3997,3997,3997,3997,0
2010/1/13 10:06,3997,3997,3997,3997,0
2010/1/13 10:07,3997,3997,3997,3997,0
2010/1/13 10:08,3997,3997,3997,3997,0
2010/1/13 10:09,3997,3997,3997,3997,0
2010/1/13 10:10,3997,3997,3997,3997,0
2010/1/13 10:11,3997,3997,3997,3997,0
2010/1/13 10:12,3997,3997,3997,3997,0
2010/1/13 10:13,3997,3997,3997,3997,0
2010/1/13 10:14,3997,3997,3997,3997,0
2010/1/13 10:15,4000,4000,4000,4000,180
2010/1/13 10:31,4000,4000,4000,4000,0
2010/1/13 10:32,4000,4000,4000,4000,0
2010/1/13 10:33,4000,4000,4000,4000,0
2010/1/13 10:34,4000,4000,4000,4000,60
2010/1/13 10:35,4000,4000,4000,4000,0
2010/1/13 10:36,4000,4000,4000,4000,0
2010/1/13 10:37,4000,4000,4000,4000,0
2010/1/13 10:38,4000,4000,4000,4000,0
2010/1/13 10:39,4000,4000,4000,4000,0
2010/1/13 10:40,4000,4000,4000,4000,0
2010/1/13 10:41,4000,4000,4000,4000,0
2010/1/13 10:42,4000,4000,4000,4000,0
2010/1/13 10:43,4000,4000,4000,4000,0
2010/1/13 10:44,4000,4000,4000,4000,0
2010/1/13 10:45,4000,4000,4000,4000,0
2010/1/13 10:46,4000,4000,4000,4000,0
2010/1/13 10:47,4000,4000,4000,4000,0
2010/1/13 10:48,4000,4000,4000,4000,0
2010/1/13 10:49,4000,4000,4000,4000,0
2010/1/13 10:50,4000,4000,4000,4000,0
2010/1/13 10:51,4000,4000,4000,4000,0
2010/1/13 10:52,4000,4000,4000,4000,0
2010/1/13 10:53,4000,4000,4000,4000,0
2010/1/13 10:54,4000,4000,4000,4000,0
2010/1/13 10:55,4000,4000,4000,4000,0
2010/1/13 10:56,4000,4000,4000,4000,0
2010/1/13 10:57,4000,4000,4000,4000,0
2010/1/13 10:58,4000,4000,4000,4000,0
2010/1/13 10:59,4000,4000,4000,4000,0
2010/1/13 11:00,4000,4000,4000,4000,0
2010/1/13 11:01,4000,4000,4000,4000,0
2010/1/13 11:02,4000,4000,4000,4000,0
2010/1/13 11:03,3997,3999,3997,3999,240
2010/1/13 11:04,3999,3999,3999,3999,0
2010/1/13 11:05,3999,3999,3999,3999,0
2010/1/13 11:06,3999,3999,3999,3999,0
2010/1/13 11:07,3999,3999,3999,3999,0
2010/1/13 11:08,3999,3999,3999,3999,0
2010/1/13 11:09,3999,3999,3999,3999,0
2010/1/13 11:10,3999,3999,3999,3999,0
2010/1/13 11:11,3999,4000,3999,4000,60
2010/1/13 11:12,4000,4000,4000,4000,0
2010/1/13 11:13,4000,4000,4000,4000,0
2010/1/13 11:14,4000,4000,4000,4000,0
2010/1/13 11:15,4000,4000,4000,4000,0
2010/1/13 11:16,4000,4000,4000,4000,0
2010/1/13 11:17,4000,4000,4000,4000,0
2010/1/13 11:18,4000,4000,4000,4000,0
2010/1/13 11:19,4000,4000,4000,4000,0
2010/1/13 11:20,4000,4000,4000,4000,0
2010/1/13 11:21,4000,4000,4000,4000,0
2010/1/13 11:22,4000,4000,4000,4000,0
2010/1/13 11:23,4000,4000,4000,4000,0
2010/1/13 11:24,4000,4000,4000,4000,0
2010/1/13 11:25,4000,4000,4000,4000,0
2010/1/13 11:26,4000,4000,4000,4000,0
2010/1/13 11:27,4000,4000,4000,4000,0
2010/1/13 11:28,4000,4000,4000,4000,0
2010/1/13 11:29,4000,4000,4000,4000,0
2010/1/13 11:30,4000,4000,4000,4000,0
2010/1/13 13:31,4000,4000,4000,4000,0
2010/1/13 13:32,4000,4000,4000,4000,0
2010/1/13 13:33,4000,4000,4000,4000,0
2010/1/13 13:34,4000,4000,4000,4000,0
2010/1/13 13:35,4000,4000,4000,4000,0
2010/1/13 13:36,4000,4000,4000,4000,0
2010/1/13 13:37,4000,4000,4000,4000,0
2010/1/13 13:38,4000,4000,4000,4000,0
2010/1/13 13:39,4000,4000,4000,4000,0
2010/1/13 13:40,4000,4000,4000,4000,0
2010/1/13 13:41,4000,4000,4000,4000,0
2010/1/13 13:42,4000,4000,4000,4000,0
2010/1/13 13:43,4000,4000,4000,4000,0
2010/1/13 13:44,4000,4000,4000,4000,0
2010/1/13 13:45,4000,4000,4000,4000,0
2010/1/13 13:46,4000,4000,4000,4000,0
2010/1/13 13:47,4000,4000,4000,4000,0
2010/1/13 13:48,4000,4000,4000,4000,0
2010/1/13 13:49,4000,4000,4000,4000,0
2010/1/13 13:50,4000,4000,4000,4000,0
2010/1/13 13:51,4000,4000,4000,4000,0
2010/1/13 13:52,4000,4000,4000,4000,0
2010/1/13 13:53,4000,4000,4000,4000,0
2010/1/13 13:54,4000,4000,4000,4000,0
2010/1/13 13:55,4000,4000,4000,4000,0
2010/1/13 13:56,4000,4000,4000,4000,0
2010/1/13 13:57,4000,4000,4000,4000,0
2010/1/13 13:58,4000,4000,4000,4000,0
2010/1/13 13:59,4000,4000,4000,4000,0
2010/1/13 14:00,4000,4000,4000,4000,0
2010/1/13 14:01,4000,4000,4000,4000,0
2010/1/13 14:02,4000,4000,4000,4000,0
2010/1/13 14:03,4000,4000,4000,4000,0
2010/1/13 14:04,4000,4000,4000,4000,0
2010/1/13 14:05,4000,4000,4000,4000,0
2010/1/13 14:06,4000,4000,4000,4000,0
2010/1/13 14:07,4000,4000,4000,4000,0
2010/1/13 14:08,4000,4000,4000,4000,0
2010/1/13 14:09,4000,4000,4000,4000,0
2010/1/13 14:10,4000,4000,4000,4000,0
2010/1/13 14:11,4000,4000,4000,4000,0
2010/1/13 14:12,4000,4000,4000,4000,0
2010/1/13 14:13,4000,4000,4000,4000,0
2010/1/13 14:14,4000,4000,4000,4000,0
2010/1/13 14:15,4000,4000,4000,4000,0
2010/1/13 14:16,4000,4000,4000,4000,0
2010/1/13 14:17,4000,4000,4000,4000,0
2010/1/13 14:18,4000,4000,4000,4000,0
2010/1/13 14:19,4000,4000,4000,4000,0
2010/1/13 14:20,4000,4000,4000,4000,0
2010/1/13 14:21,4000,4000,4000,4000,0
2010/1/13 14:22,4000,4000,4000,4000,0
2010/1/13 14:23,4000,4000,4000,4000,0
2010/1/13 14:24,4000,4000,4000,4000,0
2010/1/13 14:25,4000,4000,4000,4000,0
2010/1/13 14:26,4000,4000,4000,4000,0
2010/1/13 14:27,4000,4000,4000,4000,0
2010/1/13 14:28,4000,4000,4000,4000,0
2010/1/13 14:29,4000,4000,4000,4000,0
2010/1/13 14:30,4000,4000,4000,4000,0
2010/1/13 14:31,4000,4000,4000,4000,0
2010/1/13 14:32,4000,4000,4000,4000,0
2010/1/13 14:33,4000,4000,4000,4000,0
2010/1/13 14:34,4000,4000,4000,4000,0
2010/1/13 14:35,4000,4000,4000,4000,0
2010/1/13 14:36,4000,4000,4000,4000,0
2010/1/13 14:37,4000,4000,4000,4000,0
2010/1/13 14:38,4000,4000,4000,4000,0
2010/1/13 14:39,4000,4000,4000,4000,0
2010/1/13 14:40,4000,4000,4000,4000,0
2010/1/13 14:41,4000,4000,4000,4000,0
2010/1/13 14:42,4000,4000,4000,4000,0
2010/1/13 14:43,4000,4000,3997,3997,60
2010/1/13 14:44,3997,3997,3997,3997,0
2010/1/13 14:45,3997,3997,3997,3997,0
2010/1/13 14:46,3997,3997,3997,3997,0
2010/1/13 14:47,3997,3997,3997,3997,0
2010/1/13 14:48,3997,3997,3997,3997,0
2010/1/13 14:49,3997,3997,3997,3997,0
2010/1/13 14:50,3997,3997,3992,3992,60
2010/1/13 14:51,3992,3992,3992,3992,0
2010/1/13 14:52,3992,3992,3992,3992,0
2010/1/13 14:53,3992,3992,3992,3992,0
2010/1/13 14:54,3992,3992,3992,3992,0
2010/1/13 14:55,3992,3992,3992,3992,0
2010/1/13 14:56,3992,3992,3992,3992,0
2010/1/13 14:57,3992,3992,3992,3992,0
2010/1/13 14:58,3992,3992,3992,3992,0
2010/1/13 14:59,3992,3992,3992,3992,0
2010/1/13 15:00,3987,3987,3987,3987,60
2010/1/14 9:01,3990,3990,3987,3987,0
2010/1/14 9:02,3987,3987,3987,3987,0
2010/1/14 9:03,3987,3987,3987,3987,0
2010/1/14 9:04,3987,3987,3987,3987,0
2010/1/14 9:05,3987,3987,3987,3987,0
2010/1/14 9:06,3987,3987,3987,3987,0
2010/1/14 9:07,3987,3987,3987,3987,0
2010/1/14 9:08,3987,3987,3987,3987,0
2010/1/14 9:09,3987,3987,3987,3987,0
2010/1/14 9:10,3987,3987,3987,3987,0
2010/1/14 9:11,3987,3995,3987,3995,120
2010/1/14 9:12,3995,3995,3995,3995,0
2010/1/14 9:13,3995,3995,3995,3995,0
2010/1/14 9:14,3995,3995,3995,3995,0
2010/1/14 9:15,3995,3995,3995,3995,0
2010/1/14 9:16,3995,3995,3995,3995,0
2010/1/14 9:17,3995,3995,3995,3995,0
2010/1/14 9:18,3995,3995,3995,3995,0
2010/1/14 9:19,3999,3999,3999,3999,120
2010/1/14 9:20,3999,3999,3999,3999,0
2010/1/14 9:21,3999,3999,3999,3999,0
2010/1/14 9:22,3999,3999,3999,3999,0
2010/1/14 9:23,3999,3999,3999,3999,0
2010/1/14 9:24,3999,3999,3999,3999,0
2010/1/14 9:25,3999,3999,3999,3999,0
2010/1/14 9:26,3999,3999,3999,3999,0
2010/1/14 9:27,4000,4000,4000,4000,60
2010/1/14 9:28,4000,4000,4000,4000,0
2010/1/14 9:29,4000,4000,4000,4000,0
2010/1/14 9:30,4000,4000,3999,4000,120
2010/1/14 9:31,4000,4000,4000,4000,0
2010/1/14 9:32,4000,4000,4000,4000,0
2010/1/14 9:33,4000,4000,4000,4000,0
2010/1/14 9:34,4000,4000,4000,4000,0
2010/1/14 9:35,4000,4000,4000,4000,0
2010/1/14 9:36,4000,4000,4000,4000,0
2010/1/14 9:37,4000,4000,4000,4000,0
2010/1/14 9:38,4000,4000,4000,4000,0
2010/1/14 9:39,4000,4000,3999,3999,60
2010/1/14 9:40,3999,3999,3999,3999,0
2010/1/14 9:41,3999,3999,3999,3999,0
2010/1/14 9:42,3999,3999,3999,3999,0
2010/1/14 9:43,3999,3999,3999,3999,0
2010/1/14 9:44,3999,3999,3999,3999,0
2010/1/14 9:45,3999,3999,3999,3999,0
2010/1/14 9:46,3999,3999,3999,3999,0
2010/1/14 9:47,3999,3999,3999,3999,0
2010/1/14 9:48,3999,3999,3999,3999,0
2010/1/14 9:49,3999,3999,3999,3999,0
2010/1/14 9:50,3999,3999,3999,3999,0
2010/1/14 9:51,3999,3999,3999,3999,120
2010/1/14 9:52,3999,3999,3999,3999,0
2010/1/14 9:53,3999,3999,3999,3999,0
2010/1/14 9:54,3999,3999,3999,3999,0
2010/1/14 9:55,3999,3999,3999,3999,0
2010/1/14 9:56,3999,3999,3999,3999,0
2010/1/14 9:57,3999,3999,3999,3999,0
2010/1/14 9:58,3999,3999,3999,3999,0
2010/1/14 9:59,3999,3999,3999,3999,0
2010/1/14 10:00,3999,3999,3999,3999,0
2010/1/14 10:01,3999,3999,3999,3999,0
2010/1/14 10:02,3999,3999,3999,3999,0
2010/1/14 10:03,3999,3999,3999,3999,0
2010/1/14 10:04,3999,3999,3999,3999,0
2010/1/14 10:05,3999,3999,3999,3999,0
2010/1/14 10:06,3999,3999,3999,3999,0
2010/1/14 10:07,3999,3999,3999,3999,0
2010/1/14 10:08,3999,3999,3999,3999,0
2010/1/14 10:09,3999,3999,3999,3999,0
2010/1/14 10:10,3999,3999,3999,3999,0
2010/1/14 10:11,3999,3999,3999,3999,0
2010/1/14 10:12,3999,3999,3999,3999,0
2010/1/14 10:13,3999,3999,3999,3999,0
2010/1/14 10:14,3999,3999,3999,3999,0
2010/1/14 10:15,3999,3999,3999,3999,0
2010/1/14 10:31,3999,3999,3999,3999,0
2010/1/14 10:32,3999,3999,3999,3999,0
2010/1/14 10:33,3999,3999,3999,3999,0
2010/1/14 10:34,3999,3999,3999,3999,0
2010/1/14 10:35,3999,3999,3999,3999,0
2010/1/14 10:36,3999,3999,3999,3999,0
2010/1/14 10:37,3999,3999,3999,3999,0
2010/1/14 10:38,3999,3999,3999,3999,0
2010/1/14 10:39,3999,3999,3999,3999,0
2010/1/14 10:40,3999,3999,3999,3999,0
2010/1/14 10:41,3999,3999,3999,3999,0
2010/1/14 10:42,3999,3999,3999,3999,0
2010/1/14 10:43,3999,3999,3999,3999,0
2010/1/14 10:44,3999,3999,3999,3999,0
2010/1/14 10:45,3999,3999,3999,3999,0
2010/1/14 10:46,3999,3999,3999,3999,0
2010/1/14 10:47,3999,3999,3999,3999,0
2010/1/14 10:48,3999,3999,3999,3999,0
2010/1/14 10:49,3999,3999,3999,3999,0
2010/1/14 10:50,3999,3999,3999,3999,0
2010/1/14 10:51,3999,3999,3999,3999,0
2010/1/14 10:52,3999,3999,3999,3999,0
2010/1/14 10:53,3999,3999,3999,3999,0
2010/1/14 10:54,3999,3999,3999,3999,0
2010/1/14 10:55,3999,3999,3999,3999,0
2010/1/14 10:56,3999,3999,3999,3999,0
2010/1/14 10:57,3999,3999,3999,3999,0
2010/1/14 10:58,3999,3999,3999,3999,0
2010/1/14 10:59,3999,3999,3999,3999,0
2010/1/14 11:00,3999,3999,3999,3999,0
2010/1/14 11:01,3999,3999,3999,3999,0
2010/1/14 11:02,3999,3999,3999,3999,0
2010/1/14 11:03,3999,3999,3999,3999,0
2010/1/14 11:04,3999,3999,3999,3999,0
2010/1/14 11:05,3999,3999,3999,3999,0
2010/1/14 11:06,3999,3999,3999,3999,0
2010/1/14 11:07,3999,3999,3999,3999,0
2010/1/14 11:08,3999,3999,3999,3999,0
2010/1/14 11:09,3999,3999,3999,3999,0
2010/1/14 11:10,3999,3999,3999,3999,0
2010/1/14 11:11,3999,3999,3999,3999,0
2010/1/14 11:12,3999,3999,3999,3999,0
2010/1/14 11:13,3999,3999,3999,3999,0
2010/1/14 11:14,3999,3999,3999,3999,0
2010/1/14 11:15,3999,3999,3999,3999,0
2010/1/14 11:16,3999,3999,3999,3999,0
2010/1/14 11:17,3999,3999,3999,3999,0
2010/1/14 11:18,3999,3999,3999,3999,0
2010/1/14 11:19,3999,3999,3999,3999,0
2010/1/14 11:20,3999,3999,3999,3999,0
2010/1/14 11:21,3999,3999,3999,3999,0
2010/1/14 11:22,3999,3999,3999,3999,0
2010/1/14 11:23,3999,3999,3999,3999,0
2010/1/14 11:24,3999,3999,3999,3999,0
2010/1/14 11:25,3999,3999,3999,3999,0
2010/1/14 11:26,3999,3999,3999,3999,0
2010/1/14 11:27,3999,3999,3999,3999,0
2010/1/14 11:28,3999,3999,3999,3999,0
2010/1/14 11:29,3999,3999,3999,3999,0
2010/1/14 11:30,3999,3999,3999,3999,0
2010/1/14 13:31,3999,3999,3986,3986,120
2010/1/14 13:32,3986,3986,3986,3986,0
2010/1/14 13:33,3986,3986,3986,3986,0
2010/1/14 13:34,3986,3986,3986,3986,0
2010/1/14 13:35,3986,3986,3986,3986,0
2010/1/14 13:36,3986,3986,3986,3986,0
2010/1/14 13:37,3986,3986,3986,3986,0
2010/1/14 13:38,3986,3986,3986,3986,0
2010/1/14 13:39,3986,3986,3986,3986,0
2010/1/14 13:40,3990,3993,3990,3993,180
2010/1/14 13:41,3993,3993,3993,3993,0
2010/1/14 13:42,3993,3993,3993,3993,0
2010/1/14 13:43,3993,3993,3993,3993,0
2010/1/14 13:44,3993,3993,3993,3993,0
2010/1/14 13:45,3993,3993,3993,3993,0
2010/1/14 13:46,3993,3993,3993,3993,0
2010/1/14 13:47,3993,3993,3993,3993,0
2010/1/14 13:48,3993,3993,3993,3993,0
2010/1/14 13:49,3993,3993,3993,3993,0
2010/1/14 13:50,3993,3993,3993,3993,0
2010/1/14 13:51,3993,3993,3993,3993,0
2010/1/14 13:52,3993,3993,3993,3993,0
2010/1/14 13:53,3993,3993,3993,3993,0
2010/1/14 13:54,3993,3993,3993,3993,0
2010/1/14 13:55,3993,3993,3993,3993,0
2010/1/14 13:56,3993,3993,3993,3993,0
2010/1/14 13:57,3993,3993,3993,3993,0
2010/1/14 13:58,3993,3993,3993,3993,0
2010/1/14 13:59,3993,3993,3993,3993,0
2010/1/14 14:00,3993,3993,3993,3993,0
2010/1/14 14:01,3993,3993,3993,3993,0
2010/1/14 14:02,3993,3993,3993,3993,0
2010/1/14 14:03,3993,3993,3993,3993,0
2010/1/14 14:04,3993,3993,3993,3993,0
2010/1/14 14:05,3998,3998,3998,3998,60
2010/1/14 14:06,3999,3999,3999,3999,60
2010/1/14 14:07,3999,3999,3999,3999,0
2010/1/14 14:08,3999,3999,3999,3999,0
2010/1/14 14:09,3999,3999,3999,3999,0
2010/1/14 14:10,3999,3999,3999,3999,0
2010/1/14 14:11,3999,3999,3999,3999,0
2010/1/14 14:12,3999,3999,3999,3999,0
2010/1/14 14:13,3999,3999,3999,3999,0
2010/1/14 14:14,3999,3999,3999,3999,0
2010/1/14 14:15,3999,3999,3999,3999,0
2010/1/14 14:16,3999,3999,3999,3999,0
2010/1/14 14:17,3999,3999,3999,3999,0
2010/1/14 14:18,3999,3999,3999,3999,0
2010/1/14 14:19,3999,3999,3999,3999,0
2010/1/14 14:20,3999,3999,3999,3999,0
2010/1/14 14:21,3999,3999,3999,3999,0
2010/1/14 14:22,3999,3999,3999,3999,0
2010/1/14 14:23,3999,3999,3999,3999,0
2010/1/14 14:24,3999,3999,3999,3999,0
2010/1/14 14:25,3999,3999,3999,3999,0
2010/1/14 14:26,3999,3999,3999,3999,0
2010/1/14 14:27,3999,3999,3999,3999,0
2010/1/14 14:28,3999,3999,3999,3999,0
2010/1/14 14:29,3999,3999,3999,3999,0
2010/1/14 14:30,3999,3999,3999,3999,0
2010/1/14 14:31,3999,3999,3999,3999,0
2010/1/14 14:32,3999,3999,3999,3999,0
2010/1/14 14:33,3999,3999,3999,3999,0
2010/1/14 14:34,3999,3999,3999,3999,0
2010/1/14 14:35,3999,3999,3999,3999,0
2010/1/14 14:36,3999,3999,3999,3999,0
2010/1/14 14:37,3999,3999,3999,3999,0
2010/1/14 14:38,3999,3999,3999,3999,0
2010/1/14 14:39,3999,3999,3999,3999,0
2010/1/14 14:40,3999,3999,3999,3999,0
2010/1/14 14:41,3999,3999,3999,3999,0
2010/1/14 14:42,3999,3999,3999,3999,0
2010/1/14 14:43,3999,3999,3999,3999,0
2010/1/14 14:44,3999,3999,3999,3999,0
2010/1/14 14:45,3999,3999,3999,3999,0
2010/1/14 14:46,3999,3999,3999,3999,0
2010/1/14 14:47,3999,3999,3999,3999,0
2010/1/14 14:48,3999,3999,3999,3999,0
2010/1/14 14:49,3999,3999,3999,3999,0
2010/1/14 14:50,3999,3999,3999,3999,0
2010/1/14 14:51,3999,3999,3999,3999,0
2010/1/14 14:52,3984,3984,3984,3984,60
2010/1/14 14:53,3984,3984,3984,3984,0
2010/1/14 14:54,3982,3982,3982,3982,60
2010/1/14 14:55,3981,3981,3981,3981,60
2010/1/14 14:56,3981,3981,3981,3981,0
2010/1/14 14:57,3981,3981,3981,3981,0
2010/1/14 14:58,3981,3981,3981,3981,0
2010/1/14 14:59,3981,3981,3981,3981,0
2010/1/14 15:00,3981,3981,3981,3981,0
2010/1/15 9:01,3985,3985,3981,3981,0
2010/1/15 9:02,3981,3981,3981,3981,0
2010/1/15 9:03,3981,3981,3981,3981,0
2010/1/15 9:04,3981,3981,3981,3981,0
2010/1/15 9:05,3981,3981,3981,3981,0
2010/1/15 9:06,3981,3981,3981,3981,0
2010/1/15 9:07,3981,3981,3981,3981,0
2010/1/15 9:08,3981,3981,3981,3981,0
2010/1/15 9:09,3981,3981,3981,3981,0
2010/1/15 9:10,3981,3981,3981,3981,0
2010/1/15 9:11,3981,3981,3981,3981,0
2010/1/15 9:12,3981,3981,3981,3981,0
2010/1/15 9:13,3981,3981,3981,3981,0
2010/1/15 9:14,3981,3981,3981,3981,0
2010/1/15 9:15,3981,3981,3981,3981,0
2010/1/15 9:16,3981,3981,3981,3981,0
2010/1/15 9:17,3985,3985,3985,3985,240
2010/1/15 9:18,3985,3985,3985,3985,0
2010/1/15 9:19,3985,3985,3985,3985,0
2010/1/15 9:20,3985,3985,3985,3985,0
2010/1/15 9:21,3985,3985,3985,3985,0
2010/1/15 9:22,3985,3985,3985,3985,0
2010/1/15 9:23,3985,3985,3985,3985,0
2010/1/15 9:24,3985,3985,3985,3985,0
2010/1/15 9:25,3985,3985,3985,3985,0
2010/1/15 9:26,3985,3985,3985,3985,0
2010/1/15 9:27,3985,3985,3985,3985,0
2010/1/15 9:28,3985,3985,3985,3985,0
2010/1/15 9:29,3985,3985,3985,3985,0
2010/1/15 9:30,3985,3985,3985,3985,0
2010/1/15 9:31,3985,3985,3985,3985,0
2010/1/15 9:32,3985,3985,3985,3985,0
2010/1/15 9:33,3985,3985,3985,3985,0
2010/1/15 9:34,3985,3985,3985,3985,0
2010/1/15 9:35,3985,3985,3985,3985,0
2010/1/15 9:36,3985,3985,3985,3985,0
2010/1/15 9:37,3985,3985,3985,3985,0
2010/1/15 9:38,3985,3985,3985,3985,0
2010/1/15 9:39,3985,3985,3985,3985,0
2010/1/15 9:40,3985,3985,3985,3985,0
2010/1/15 9:41,3985,3985,3985,3985,0
2010/1/15 9:42,3985,3985,3985,3985,0
2010/1/15 9:43,3985,3985,3985,3985,0
2010/1/15 9:44,3985,3985,3985,3985,0
2010/1/15 9:45,3985,3985,3985,3985,0
2010/1/15 9:46,3985,3985,3985,3985,0
2010/1/15 9:47,3985,3985,3985,3985,0
2010/1/15 9:48,3985,3985,3985,3985,0
2010/1/15 9:49,3985,3985,3985,3985,0
2010/1/15 9:50,3985,3985,3985,3985,0
2010/1/15 9:51,3985,3985,3985,3985,0
2010/1/15 9:52,3985,3985,3985,3985,0
2010/1/15 9:53,3985,3985,3985,3985,0
2010/1/15 9:54,3985,3985,3985,3985,0
2010/1/15 9:55,3985,3985,3985,3985,0
2010/1/15 9:56,3985,3985,3985,3985,0
2010/1/15 9:57,3985,3985,3985,3985,0
2010/1/15 9:58,3985,3985,3985,3985,0
2010/1/15 9:59,3985,3985,3985,3985,0
2010/1/15 10:00,3985,3985,3985,3985,0
2010/1/15 10:01,3985,3985,3985,3985,0
2010/1/15 10:02,3985,3985,3985,3985,0
2010/1/15 10:03,3985,3985,3985,3985,0
2010/1/15 10:04,3985,3985,3985,3985,0
2010/1/15 10:05,3985,3985,3985,3985,0
2010/1/15 10:06,3985,3985,3985,3985,0
2010/1/15 10:07,3985,3985,3985,3985,0
2010/1/15 10:08,3985,3985,3985,3985,0
2010/1/15 10:09,3985,3985,3985,3985,0
2010/1/15 10:10,3985,3985,3985,3985,0
2010/1/15 10:11,3985,3985,3985,3985,0
2010/1/15 10:12,3985,3985,3985,3985,0
2010/1/15 10:13,3985,3985,3985,3985,0
2010/1/15 10:14,3985,3985,3985,3985,0
2010/1/15 10:15,3985,3985,3985,3985,0
2010/1/15 10:31,3985,3985,3985,3985,0
2010/1/15 10:32,3985,3985,3985,3985,0
2010/1/15 10:33,3985,3985,3985,3985,0
2010/1/15 10:34,3985,3985,3985,3985,0
2010/1/15 10:35,3985,3985,3985,3985,0
2010/1/15 10:36,3985,3985,3985,3985,0
2010/1/15 10:37,3985,3985,3985,3985,0
2010/1/15 10:38,3985,3985,3985,3985,0
2010/1/15 10:39,3985,3985,3985,3985,0
2010/1/15 10:40,3985,3985,3985,3985,0
2010/1/15 10:41,3985,3985,3985,3985,0
2010/1/15 10:42,3985,3985,3985,3985,0
2010/1/15 10:43,3985,3985,3985,3985,0
2010/1/15 10:44,3985,3985,3985,3985,0
2010/1/15 10:45,3985,3985,3985,3985,0
2010/1/15 10:46,3985,3985,3985,3985,0
2010/1/15 10:47,3985,3985,3985,3985,0
2010/1/15 10:48,3985,3985,3985,3985,0
2010/1/15 10:49,3985,3985,3985,3985,0
2010/1/15 10:50,3985,3985,3985,3985,0
2010/1/15 10:51,3985,3985,3985,3985,0
2010/1/15 10:52,3985,3985,3985,3985,0
2010/1/15 10:53,3985,3985,3985,3985,0
2010/1/15 10:54,3985,3985,3985,3985,0
2010/1/15 10:55,3985,3985,3985,3985,0
2010/1/15 10:56,3985,3985,3985,3985,0
2010/1/15 10:57,3985,3985,3985,3985,0
2010/1/15 10:58,3985,3985,3985,3985,0
2010/1/15 10:59,3985,3985,3985,3985,0
2010/1/15 11:00,3985,3985,3985,3985,0
2010/1/15 11:01,3985,3985,3985,3985,0
2010/1/15 11:02,3985,3985,3985,3985,0
2010/1/15 11:03,3985,3985,3985,3985,0
2010/1/15 11:04,3985,3985,3985,3985,0
2010/1/15 11:05,3985,3985,3985,3985,0
2010/1/15 11:06,3985,3985,3985,3985,0
2010/1/15 11:07,3985,3985,3985,3985,0
2010/1/15 11:08,3985,3985,3985,3985,0
2010/1/15 11:09,3985,3985,3985,3985,0
2010/1/15 11:10,3985,3985,3985,3985,0
2010/1/15 11:11,3985,3985,3985,3985,0
2010/1/15 11:12,3985,3985,3985,3985,0
2010/1/15 11:13,3985,3985,3985,3985,0
2010/1/15 11:14,3985,3985,3985,3985,0
2010/1/15 11:15,3985,3985,3985,3985,0
2010/1/15 11:16,3985,3985,3985,3985,0
2010/1/15 11:17,3985,3985,3985,3985,0
2010/1/15 11:18,3985,3985,3985,3985,0
2010/1/15 11:19,3985,3985,3985,3985,0
2010/1/15 11:20,3985,3985,3985,3985,0
2010/1/15 11:21,3985,3985,3985,3985,0
2010/1/15 11:22,3985,3985,3985,3985,0
2010/1/15 11:23,3985,3985,3985,3985,0
2010/1/15 11:24,3985,3985,3985,3985,0
2010/1/15 11:25,3976,3976,3975,3975,120
2010/1/15 11:26,3973,3973,3973,3973,60
2010/1/15 11:27,3973,3973,3973,3973,0
2010/1/15 11:28,3973,3973,3973,3973,0
2010/1/15 11:29,3973,3973,3973,3973,0
2010/1/15 11:30,3973,3973,3973,3973,0
2010/1/15 13:31,3973,3973,3973,3973,0
2010/1/15 13:32,3973,3973,3973,3973,0
2010/1/15 13:33,3973,3973,3973,3973,0
2010/1/15 13:34,3973,3973,3973,3973,0
2010/1/15 13:35,3973,3973,3973,3973,0
2010/1/15 13:36,3973,3973,3973,3973,0
2010/1/15 13:37,3973,3973,3973,3973,0
2010/1/15 13:38,3973,3973,3973,3973,0
2010/1/15 13:39,3973,3973,3973,3973,0
2010/1/15 13:40,3973,3973,3973,3973,0
2010/1/15 13:41,3973,3973,3973,3973,0
2010/1/15 13:42,3973,3973,3973,3973,0
2010/1/15 13:43,3973,3973,3973,3973,0
2010/1/15 13:44,3973,3973,3973,3973,0
2010/1/15 13:45,3973,3973,3973,3973,0
2010/1/15 13:46,3973,3973,3973,3973,0
2010/1/15 13:47,3973,3973,3973,3973,0
2010/1/15 13:48,3973,3973,3973,3973,0
2010/1/15 13:49,3973,3973,3973,3973,0
2010/1/15 13:50,3973,3973,3973,3973,0
2010/1/15 13:51,3973,3973,3973,3973,0
2010/1/15 13:52,3973,3973,3973,3973,0
2010/1/15 13:53,3973,3973,3973,3973,0
2010/1/15 13:54,3973,3973,3973,3973,0
2010/1/15 13:55,3973,3973,3973,3973,0
2010/1/15 13:56,3973,3973,3973,3973,0
2010/1/15 13:57,3973,3973,3973,3973,0
2010/1/15 13:58,3973,3973,3973,3973,0
2010/1/15 13:59,3973,3973,3973,3973,0
2010/1/15 14:00,3973,3973,3973,3973,0
2010/1/15 14:01,3973,3973,3973,3973,0
2010/1/15 14:02,3971,3971,3971,3971,60
2010/1/15 14:03,3965,3965,3961,3961,180
2010/1/15 14:04,3961,3961,3961,3961,60
2010/1/15 14:05,3961,3961,3961,3961,60
2010/1/15 14:06,3961,3961,3961,3961,0
2010/1/15 14:07,3961,3961,3961,3961,0
2010/1/15 14:08,3961,3961,3961,3961,0
2010/1/15 14:09,3961,3961,3961,3961,0
2010/1/15 14:10,3961,3961,3961,3961,0
2010/1/15 14:11,3961,3961,3961,3961,0
2010/1/15 14:12,3961,3961,3961,3961,0
2010/1/15 14:13,3961,3961,3961,3961,0
2010/1/15 14:14,3961,3961,3961,3961,0
2010/1/15 14:15,3961,3961,3961,3961,0
2010/1/15 14:16,3961,3961,3961,3961,0
2010/1/15 14:17,3961,3961,3961,3961,0
2010/1/15 14:18,3961,3961,3961,3961,0
2010/1/15 14:19,3961,3961,3961,3961,0
2010/1/15 14:20,3961,3961,3961,3961,0
2010/1/15 14:21,3961,3961,3961,3961,0
2010/1/15 14:22,3961,3961,3961,3961,0
2010/1/15 14:23,3961,3961,3961,3961,0
2010/1/15 14:24,3961,3961,3961,3961,0
2010/1/15 14:25,3961,3961,3961,3961,0
2010/1/15 14:26,3961,3961,3961,3961,0
2010/1/15 14:27,3961,3961,3961,3961,0
2010/1/15 14:28,3961,3961,3961,3961,0
2010/1/15 14:29,3961,3961,3961,3961,0
2010/1/15 14:30,3961,3961,3961,3961,0
2010/1/15 14:31,3961,3961,3961,3961,0
2010/1/15 14:32,3961,3961,3961,3961,0
2010/1/15 14:33,3961,3961,3961,3961,0
2010/1/15 14:34,3961,3961,3961,3961,0
2010/1/15 14:35,3961,3961,3961,3961,0
2010/1/15 14:36,3961,3961,3961,3961,0
2010/1/15 14:37,3961,3961,3961,3961,0
2010/1/15 14:38,3961,3961,3961,3961,60
2010/1/15 14:39,3961,3961,3961,3961,0
2010/1/15 14:40,3961,3961,3961,3961,0
2010/1/15 14:41,3961,3961,3961,3961,0
2010/1/15 14:42,3961,3961,3961,3961,0
2010/1/15 14:43,3961,3961,3961,3961,0
2010/1/15 14:44,3961,3961,3961,3961,0
2010/1/15 14:45,3961,3961,3961,3961,0
2010/1/15 14:46,3961,3961,3961,3961,0
2010/1/15 14:47,3961,3961,3961,3961,0
2010/1/15 14:48,3961,3961,3961,3961,0
2010/1/15 14:49,3962,3962,3962,3962,60
2010/1/15 14:50,3962,3962,3962,3962,0
2010/1/15 14:51,3962,3962,3962,3962,0
2010/1/15 14:52,3962,3962,3962,3962,0
2010/1/15 14:53,3962,3962,3962,3962,0
2010/1/15 14:54,3962,3962,3962,3962,0
2010/1/15 14:55,3962,3962,3962,3962,0
2010/1/15 14:56,3958,3958,3956,3956,120
2010/1/15 14:57,3955,3955,3955,3955,60
2010/1/15 14:58,3955,3955,3955,3955,0
2010/1/15 14:59,3955,3955,3955,3955,0
2010/1/15 15:00,3975,3975,3975,3975,60
